distance,status,datetime,duration,fuel_consumed
14,1,2024-10-05 09:16:46,0,4.45
13,1,2024-10-05 09:16:51,4,3.93
28,1,2024-10-05 09:16:55,8,8.56
27,1,2024-10-05 09:16:59,12,8.31
28,1,2024-10-05 09:17:04,17,8.46
33,1,2024-10-05 09:17:08,21,9.94
32,1,2024-10-05 09:17:12,25,9.83
31,1,2024-10-05 09:17:16,30,9.49
36,1,2024-10-05 09:17:21,34,11.0
27,1,2024-10-05 09:17:26,38,8.37
35,1,2024-10-05 09:17:30,43,10.75
49,1,2024-10-05 09:17:34,47,14.99
13,1,2024-10-05 09:17:39,51,4.16
8,1,2024-10-05 09:17:43,56,2.64
34,1,2024-10-05 09:17:47,61,10.38
21,1,2024-10-05 09:17:52,65,6.5
9,1,2024-10-05 09:17:59,72,2.92
19,1,2024-10-05 09:18:09,83,5.76
75,1,2024-10-05 09:18:13,87,22.57
26,1,2024-10-05 09:18:17,91,7.8
32,1,2024-10-05 09:18:22,95,9.66
35,1,2024-10-05 09:18:26,99,10.57
59,1,2024-10-05 09:18:30,103,17.72
47,1,2024-10-05 09:18:34,107,14.18
64,1,2024-10-05 09:18:39,112,19.43
64,1,2024-10-05 09:18:43,117,19.43
218,2,2024-10-05 21:37:39,0,65.45
10,1,2024-10-05 21:37:44,5,3.15
6,1,2024-10-05 21:38:37,0,2.04
5,1,2024-10-05 21:38:46,0,1.66
302,3,2024-10-05 21:38:58,14,90.74
5,1,2024-10-05 21:39:03,19,1.58
0,1,2024-10-05 21:39:49,10,0.0
14,1,2024-10-05 21:39:54,18,4.28
20,1,2024-10-05 21:39:58,23,6.19
18,1,2024-10-05 21:40:03,27,5.5
20,1,2024-10-05 21:40:07,31,6.28
1008,3,2024-10-05 21:40:39,1,302.44
19,1,2024-10-05 21:40:43,8,5.8
17,1,2024-10-05 21:40:47,12,5.14
24,1,2024-10-05 21:40:51,16,7.23
13,1,2024-10-05 21:40:55,20,4.16
18,1,2024-10-05 21:41:00,24,5.57
0,1,2024-10-05 21:41:14,39,0.0
0,1,2024-10-05 21:41:28,54,0.0
2,1,2024-10-05 21:41:38,63,0.78
0,1,2024-10-05 21:48:55,10,0.0
24,1,2024-10-05 21:48:59,14,7.5
19,1,2024-10-05 21:49:04,19,5.9
21,1,2024-10-05 21:49:08,23,6.48
20,1,2024-10-05 21:49:12,28,6.28
22,1,2024-10-05 21:49:16,32,6.66
20,1,2024-10-05 21:49:20,36,6.03
19,1,2024-10-05 21:49:24,40,5.73
15,1,2024-10-05 21:49:28,44,4.5
24,1,2024-10-05 21:49:32,47,7.47
6,1,2024-10-05 21:54:16,0,2.0
11,1,2024-10-05 21:54:24,7,3.36
19,1,2024-10-05 21:54:28,11,5.93
0,1,2024-10-05 21:54:41,25,0.0
5,1,2024-10-05 21:54:52,36,1.71
26,1,2024-10-05 21:54:56,40,7.84
24,1,2024-10-05 21:55:00,44,7.32
7,1,2024-10-05 21:55:04,48,2.16
27,1,2024-10-05 21:55:10,53,8.38
305,3,2024-10-05 22:17:19,0,91.72
33,1,2024-10-05 22:17:23,8,9.92
33,1,2024-10-05 22:17:27,13,10.05
33,1,2024-10-05 22:17:32,17,10.14
33,1,2024-10-05 22:17:37,22,10.15
33,1,2024-10-05 22:17:41,26,10.16
33,1,2024-10-05 22:17:45,31,10.02
310,3,2024-10-05 22:19:08,0,93.28
28,1,2024-10-05 22:19:13,7,8.65
30,1,2024-10-05 22:19:17,12,9.19
30,1,2024-10-05 22:19:22,16,9.25
30,1,2024-10-05 22:19:27,20,9.26
31,1,2024-10-05 22:19:30,25,9.32
30,1,2024-10-05 22:19:35,29,9.18
32,1,2024-10-05 22:21:37,0,9.63
32,1,2024-10-05 22:21:41,4,9.73
32,1,2024-10-05 22:21:46,8,9.84
32,1,2024-10-05 22:21:51,13,9.75
32,1,2024-10-05 22:21:55,18,9.69
32,1,2024-10-05 22:22:00,22,9.72
907,3,2024-10-05 22:22:45,1,272.28
30,1,2024-10-05 22:22:50,4,9.2
30,1,2024-10-05 22:22:54,9,9.28
30,1,2024-10-05 22:22:58,13,9.28
30,1,2024-10-05 22:23:03,17,9.26
31,1,2024-10-05 22:23:07,22,9.31
28,1,2024-10-05 22:23:38,0,8.48
31,1,2024-10-05 22:23:42,4,9.43
31,1,2024-10-05 22:23:46,8,9.53
31,1,2024-10-05 22:23:50,12,9.48
28,1,2024-10-05 22:27:46,0,8.59
23,1,2024-10-05 22:27:50,4,7.14
24,1,2024-10-05 22:27:55,9,7.27
25,1,2024-10-05 22:27:59,13,7.7
26,1,2024-10-05 22:28:04,17,7.92
5,1,2024-10-05 22:33:19,0,1.79
26,1,2024-10-05 22:33:23,4,7.95
25,1,2024-10-05 22:33:28,8,7.75
908,3,2024-10-05 22:39:29,1,272.57
31,1,2024-10-05 22:39:34,4,9.56
29,1,2024-10-05 22:43:49,0,8.73
30,1,2024-10-05 22:43:53,7,9.1
30,1,2024-10-05 22:43:57,11,9.23
30,1,2024-10-05 22:44:01,16,9.23
30,1,2024-10-05 22:44:06,20,9.27
30,1,2024-10-05 22:44:10,25,9.28
30,1,2024-10-05 22:44:15,29,9.28
358,3,2024-10-05 22:44:19,34,107.59
29,1,2024-10-05 22:57:55,0,8.87
30,1,2024-10-05 22:57:59,4,9.16
30,1,2024-10-05 22:58:03,8,9.11
30,1,2024-10-05 22:58:08,12,9.24
30,1,2024-10-05 22:58:12,17,9.26
30,1,2024-10-05 22:58:16,21,9.28
30,1,2024-10-05 22:58:20,25,9.28
31,1,2024-10-05 22:58:24,29,9.32
30,1,2024-10-05 22:58:29,33,9.29
1007,3,2024-10-05 23:01:05,1,302.36
30,1,2024-10-05 23:01:10,5,9.2
31,1,2024-10-05 23:01:15,9,9.38
27,1,2024-10-05 23:07:37,4,8.3
34,1,2024-10-05 23:07:41,7,10.45
106,1,2024-10-05 23:11:47,0,31.88
40,1,2024-10-05 23:11:51,4,12.24
41,1,2024-10-05 23:11:55,8,12.36
40,1,2024-10-05 23:12:00,12,12.08
8,1,2024-10-05 23:20:33,0,2.43
29,1,2024-10-05 23:20:38,4,8.97
32,1,2024-10-05 23:20:42,8,9.75
30,1,2024-10-05 23:20:46,13,9.12
105,1,2024-10-05 23:37:43,0,31.8
30,1,2024-10-05 23:37:48,7,9.23
29,1,2024-10-05 23:37:52,12,8.7
28,1,2024-10-05 23:37:56,16,8.52
29,1,2024-10-05 23:38:01,20,8.72
144,1,2024-10-05 23:44:56,0,43.23
34,1,2024-10-05 23:45:00,7,10.32
35,1,2024-10-05 23:45:49,0,10.71
34,1,2024-10-05 23:45:53,7,10.21
32,1,2024-10-05 23:45:57,12,9.83
33,1,2024-10-05 23:46:02,16,9.9
32,1,2024-10-05 23:46:05,20,9.87
55,1,2024-10-05 23:49:02,0,16.59
35,1,2024-10-05 23:49:07,4,10.77
35,1,2024-10-05 23:49:12,9,10.79
323,3,2024-10-05 23:49:52,0,97.11
32,1,2024-10-05 23:49:57,4,9.76
131,1,2024-10-05 23:50:55,0,39.38
35,1,2024-10-05 23:50:59,7,10.64
36,1,2024-10-05 23:51:04,11,10.81
36,1,2024-10-05 23:51:08,16,10.9
134,1,2024-10-05 23:56:22,0,40.27
32,1,2024-10-05 23:56:27,4,9.89
33,1,2024-10-05 23:56:31,8,9.93
34,1,2024-10-05 23:56:35,13,10.21
4,1,2024-10-06 19:07:15,0,1.48
7,1,2024-10-06 19:07:25,9,2.37
0,1,2024-10-06 19:08:21,10,0.0
0,1,2024-10-06 19:08:35,27,0.0
30,1,2024-10-06 19:08:39,31,9.0
29,1,2024-10-06 19:08:44,35,8.88
31,1,2024-10-06 19:08:48,39,9.31
30,1,2024-10-06 19:08:52,44,9.28
30,1,2024-10-06 19:08:56,48,9.17
30,1,2024-10-06 19:09:00,52,9.14
22,1,2024-10-06 19:11:13,0,6.75
25,1,2024-10-06 19:11:16,7,7.78
29,1,2024-10-06 19:11:21,11,8.78
24,1,2024-10-06 19:20:30,0,7.42
22,1,2024-10-06 19:20:34,7,6.63
706,3,2024-10-06 19:20:41,11,211.99
208,2,2024-10-06 19:31:00,0,62.58
7,1,2024-10-06 19:41:16,0,2.34
11,1,2024-10-06 19:41:20,7,3.34
11,1,2024-10-06 19:41:25,12,3.31
10,1,2024-10-06 19:41:29,16,3.27
36,1,2024-10-06 19:41:33,21,10.83
6,1,2024-10-06 19:42:02,0,2.03
15,1,2024-10-06 19:42:06,4,4.59
15,1,2024-10-06 19:42:11,8,4.58
15,1,2024-10-06 19:42:15,13,4.63
32,1,2024-10-06 21:41:35,0,9.7
30,1,2024-10-06 21:41:39,4,9.24
31,1,2024-10-06 21:41:43,8,9.33
30,1,2024-10-06 21:41:47,12,9.29
31,1,2024-10-06 21:41:51,16,9.32
31,1,2024-10-06 21:41:56,21,9.31
30,1,2024-10-06 21:42:00,25,9.23
31,1,2024-10-06 21:42:04,29,9.34
32,1,2024-10-06 21:43:34,0,9.65
31,1,2024-10-06 21:43:38,4,9.44
31,1,2024-10-06 21:43:42,8,9.44
31,1,2024-10-06 21:43:47,12,9.54
31,1,2024-10-06 21:43:51,16,9.47
31,1,2024-10-06 21:43:55,21,9.49
31,1,2024-10-06 21:43:59,25,9.5
31,1,2024-10-06 21:44:03,29,9.47
31,1,2024-10-06 21:44:08,33,9.41
31,1,2024-10-06 21:44:11,37,9.53
36,1,2024-10-06 21:44:15,41,11.05
35,1,2024-10-06 21:44:20,45,10.77
34,1,2024-10-06 21:44:24,49,10.33
27,1,2024-10-06 21:45:46,1,8.26
32,1,2024-10-06 21:45:50,5,9.85
23,1,2024-10-06 21:49:13,1,6.96
30,1,2024-10-06 21:49:17,5,9.08
30,1,2024-10-06 21:49:21,9,9.18
29,1,2024-10-06 21:49:25,13,9.0
30,1,2024-10-06 21:49:29,17,9.16
30,1,2024-10-06 21:49:33,21,9.18
30,1,2024-10-06 21:49:37,26,9.23
31,1,2024-10-06 21:49:41,30,9.35
30,1,2024-10-06 21:49:46,34,9.27
32,1,2024-10-06 21:49:50,38,9.74
34,1,2024-10-06 21:49:54,42,10.38
32,1,2024-10-06 21:49:58,47,9.61
27,1,2024-10-06 22:10:36,1,8.11
5,1,2024-10-06 22:10:48,13,1.72
22,1,2024-10-06 22:10:54,18,6.8
25,1,2024-10-06 22:10:58,23,7.78
27,1,2024-10-06 22:11:03,27,8.15
27,1,2024-10-06 22:11:06,31,8.29
29,1,2024-10-06 22:11:10,35,8.98
33,1,2024-10-06 22:11:15,39,10.17
33,1,2024-10-06 22:11:19,44,10.0
35,1,2024-10-06 22:11:23,48,10.56
33,1,2024-10-06 22:11:27,52,10.13
24,1,2024-10-06 22:51:41,1,7.38
31,1,2024-10-06 22:51:45,5,9.51
31,1,2024-10-06 22:51:48,9,9.42
32,1,2024-10-06 22:51:52,13,9.85
38,1,2024-10-06 22:51:56,17,11.47
37,1,2024-10-06 22:52:00,21,11.23
549,3,2024-10-06 22:56:34,0,164.79
35,1,2024-10-06 22:56:39,7,10.53
34,1,2024-10-06 22:56:43,12,10.39
34,1,2024-10-06 22:56:47,16,10.33
37,1,2024-10-06 22:56:51,20,11.12
33,1,2024-10-06 22:56:55,24,10.11
38,1,2024-10-06 22:56:59,28,11.48
35,1,2024-10-06 22:57:03,32,10.53
35,1,2024-10-06 22:57:57,0,10.52
34,1,2024-10-06 22:58:01,7,10.38
35,1,2024-10-06 22:58:06,11,10.54
31,1,2024-10-06 22:58:10,15,9.48
1008,3,2024-10-18 09:30:29,1,302.68
361,3,2024-10-18 09:30:34,5,108.39
75,1,2024-10-18 09:30:39,10,22.52
75,1,2024-10-18 09:30:44,14,22.59
76,1,2024-10-18 09:30:48,19,22.89
54,1,2024-10-18 09:30:52,23,16.44
73,1,2024-10-18 09:30:57,27,22.16
82,1,2024-10-18 09:31:01,32,24.89
82,1,2024-10-18 09:31:05,36,24.75
79,1,2024-10-18 09:31:09,41,23.85
81,1,2024-10-18 09:31:14,45,24.43
86,1,2024-10-18 09:31:18,49,26.02
85,1,2024-10-18 09:31:22,53,25.73
84,1,2024-10-18 09:31:27,58,25.22
82,1,2024-10-18 09:31:30,62,24.62
82,1,2024-10-18 09:31:35,66,24.89
82,1,2024-10-18 09:31:39,70,24.89
80,1,2024-10-18 09:31:44,75,24.29
80,1,2024-10-18 09:31:48,79,24.11
78,1,2024-10-18 09:31:52,83,23.59
78,1,2024-10-18 09:31:56,87,23.6
80,1,2024-10-18 09:32:00,91,24.02
84,1,2024-10-18 09:32:04,95,25.38
82,1,2024-10-18 09:32:08,99,24.65
83,1,2024-10-18 09:32:13,104,24.93
81,1,2024-10-18 09:32:17,108,24.42
80,1,2024-10-18 09:32:21,112,24.07
84,1,2024-10-18 09:32:26,116,25.28
82,1,2024-10-18 09:32:30,121,24.69
86,1,2024-10-18 09:32:34,125,25.95
85,1,2024-10-18 09:32:39,130,25.55
85,1,2024-10-18 09:32:43,134,25.75
84,1,2024-10-18 09:32:48,138,25.48
84,1,2024-10-18 09:32:52,143,25.44
79,1,2024-10-18 09:32:56,147,23.93
82,1,2024-10-18 09:33:00,152,24.69
81,1,2024-10-18 09:33:05,156,24.59
81,1,2024-10-18 09:33:09,160,24.37
87,1,2024-10-18 09:33:13,164,26.29
87,1,2024-10-18 09:33:17,168,26.17
85,1,2024-10-18 09:33:21,173,25.58
83,1,2024-10-18 09:33:26,177,25.03
81,1,2024-10-18 09:33:30,181,24.57
81,1,2024-10-18 09:33:34,185,24.41
85,1,2024-10-18 09:33:38,189,25.72
1008,3,2024-10-18 09:34:03,1,302.59
1009,3,2024-10-18 09:34:16,1,302.87
1009,3,2024-10-18 09:34:21,5,302.82
1009,3,2024-10-18 09:34:27,11,302.86
1009,3,2024-10-18 09:34:32,16,302.86
1009,3,2024-10-18 09:43:23,1,302.86
1009,3,2024-10-18 09:43:28,5,302.82
1009,3,2024-10-18 09:43:33,10,302.84
1009,3,2024-10-18 09:43:38,16,302.81
1009,3,2024-10-18 09:43:44,21,302.82
1009,3,2024-10-18 09:43:49,26,302.8
1009,3,2024-10-18 09:46:18,1,302.86
1009,3,2024-10-18 09:46:24,5,302.86
1009,3,2024-10-18 09:46:29,10,302.84
1009,3,2024-10-18 09:48:57,1,302.85
1009,3,2024-10-18 09:49:02,5,302.85
1009,3,2024-10-18 09:49:07,10,302.85
1009,3,2024-10-18 09:49:12,15,302.86
1009,3,2024-10-18 09:49:17,21,302.86
1009,3,2024-10-18 09:49:21,25,302.86
1007,3,2024-10-18 09:58:38,1,302.34
1007,3,2024-10-18 09:58:43,5,302.36
1007,3,2024-10-18 09:58:49,11,302.38
1007,3,2024-10-18 09:58:54,16,302.38
1007,3,2024-10-18 09:58:59,21,302.39
1007,3,2024-10-18 09:59:04,27,302.39
1008,3,2024-10-18 09:59:09,31,302.41
1008,3,2024-10-18 09:59:14,36,302.41
1008,3,2024-10-18 09:59:19,41,302.43
1009,3,2024-10-18 10:05:54,1,302.78
1009,3,2024-10-18 10:05:58,5,302.77
1009,3,2024-10-18 10:06:03,10,302.77
1009,3,2024-10-18 10:06:08,15,302.77
1009,3,2024-10-18 10:06:14,20,302.77
1009,3,2024-10-18 10:07:07,1,302.8
1009,3,2024-10-18 10:07:13,6,302.82
1009,3,2024-10-18 10:07:18,11,302.81
1009,3,2024-10-18 10:07:23,16,302.81
1009,3,2024-10-18 10:07:28,21,302.8
1009,3,2024-10-18 10:07:33,27,302.8
1009,3,2024-10-18 10:07:38,31,302.77
1009,3,2024-10-18 10:07:43,36,302.8
1009,3,2024-10-18 10:07:48,41,302.77
1009,3,2024-10-18 10:07:53,46,302.79
1009,3,2024-10-18 10:07:58,51,302.76
1009,3,2024-10-18 10:08:23,1,302.76
1009,3,2024-10-18 10:08:28,5,302.75
1009,3,2024-10-18 10:21:35,1,302.85
1009,3,2024-10-18 10:21:40,5,302.82
1009,3,2024-10-18 10:21:45,10,302.9
1009,3,2024-10-18 10:21:50,15,302.9
1009,3,2024-10-18 10:21:55,21,302.9
1009,3,2024-10-18 10:22:00,25,302.9
1009,3,2024-10-18 10:22:05,31,302.89
1009,3,2024-10-18 10:22:10,36,302.9
1009,3,2024-10-18 10:22:15,41,302.89
1009,3,2024-10-18 10:22:21,46,302.9
1009,3,2024-10-18 10:22:25,51,302.9
1009,3,2024-10-18 10:22:31,56,302.9
1009,3,2024-10-18 10:22:35,61,302.9
1009,3,2024-10-18 10:22:41,66,302.88
1009,3,2024-10-18 10:22:45,71,302.88
1009,3,2024-10-18 10:22:50,76,302.88
1009,3,2024-10-18 10:22:55,80,302.89
1009,3,2024-10-18 10:23:00,86,302.87
1009,3,2024-10-18 10:23:05,91,302.87
1009,3,2024-10-18 10:23:10,96,302.89
1009,3,2024-10-18 10:23:14,100,302.88
1009,3,2024-10-18 10:23:19,105,302.89
1009,3,2024-10-18 10:23:23,109,302.9
1009,3,2024-10-18 10:23:29,114,302.89
1009,3,2024-10-18 10:23:34,119,302.88
1009,3,2024-10-18 10:23:38,124,302.88
1009,3,2024-10-18 10:23:43,129,302.89
1009,3,2024-10-18 10:23:48,133,302.88
1009,3,2024-10-18 10:23:53,139,302.86
1009,3,2024-10-18 10:23:58,143,302.88
1009,3,2024-10-18 10:24:03,149,302.89
1009,3,2024-10-18 10:24:08,154,302.84
1008,3,2024-10-18 10:24:12,158,302.64
1009,3,2024-10-18 10:24:17,163,302.88
1009,3,2024-10-18 10:24:22,168,302.88
1009,3,2024-10-18 10:24:27,173,302.89
0,1,2024-10-18 10:44:08,10,0.0
0,1,2024-10-18 10:44:22,25,0.0
0,1,2024-10-18 10:44:37,39,0.0
0,1,2024-10-18 10:45:09,72,0.0
0,1,2024-10-18 10:45:24,86,0.0
0,1,2024-10-18 10:45:38,100,0.0
0,1,2024-10-18 10:45:52,115,0.0
266,3,2024-10-18 10:46:30,0,79.85
397,3,2024-10-18 10:46:36,6,119.26
242,2,2024-10-18 10:46:42,11,72.9
244,2,2024-10-18 10:46:47,0,73.38
263,3,2024-10-18 10:46:52,4,78.91
789,3,2024-10-18 10:49:52,0,236.77
307,3,2024-10-18 10:49:57,5,92.11
578,3,2024-10-18 10:51:04,0,173.55
238,2,2024-10-18 10:51:09,4,71.64
242,2,2024-10-18 10:51:13,9,72.65
82,1,2024-10-18 10:51:24,20,24.82
557,3,2024-10-18 10:51:33,28,167.37
1009,3,2024-10-18 10:51:38,33,302.76
1009,3,2024-10-18 10:51:42,38,302.75
1009,3,2024-10-18 10:51:46,42,302.79
1009,3,2024-10-18 10:51:51,47,302.78
963,3,2024-10-18 10:51:56,52,289.05
1009,3,2024-10-18 10:52:01,57,302.75
166,2,2024-10-18 10:59:45,0,49.99
199,2,2024-10-18 10:59:50,4,59.93
171,2,2024-10-18 10:59:54,9,51.49
133,1,2024-10-18 10:59:58,14,39.99
84,1,2024-10-18 11:00:03,18,25.21
177,2,2024-10-18 11:00:07,22,53.16
116,1,2024-10-18 11:03:13,0,34.81
1009,3,2024-10-18 11:03:18,5,302.79
1009,3,2024-10-18 11:03:23,10,302.8
1009,3,2024-10-18 11:03:28,15,302.76
228,2,2024-10-18 11:03:33,19,68.65
1009,3,2024-10-18 11:03:38,24,302.73
1008,3,2024-10-18 11:03:43,29,302.5
1008,3,2024-10-18 11:03:47,34,302.48
1008,3,2024-10-18 11:03:53,39,302.48
1008,3,2024-10-18 11:03:58,44,302.51
1008,3,2024-10-18 11:04:03,50,302.55
242,2,2024-10-18 11:04:08,54,72.81
1008,3,2024-10-18 11:04:13,59,302.53
1008,3,2024-10-18 11:04:18,64,302.49
1008,3,2024-10-18 11:04:23,69,302.47
861,3,2024-10-18 11:04:28,75,258.35
1008,3,2024-10-18 11:04:34,80,302.46
934,3,2024-10-18 11:04:38,85,280.41
923,3,2024-10-18 11:04:43,90,277.02
1008,3,2024-10-18 11:04:48,95,302.47
1008,3,2024-10-18 11:05:10,1,302.5
1008,3,2024-10-18 11:05:15,6,302.48
1009,3,2024-10-18 11:05:25,1,302.88
1009,3,2024-10-18 11:05:30,5,302.86
1008,3,2024-10-18 11:05:34,10,302.64
1008,3,2024-10-18 11:05:40,14,302.67
1008,3,2024-10-18 11:05:55,1,302.65
904,3,2024-10-18 11:06:00,6,271.4
1008,3,2024-10-18 11:06:05,11,302.65
1008,3,2024-10-18 11:06:11,16,302.67
1008,3,2024-10-18 11:06:16,21,302.66
632,3,2024-10-18 11:06:21,26,189.81
618,3,2024-10-18 11:06:25,31,185.44
837,3,2024-10-18 11:06:30,35,251.13
647,3,2024-10-18 11:06:34,40,194.27
806,3,2024-10-18 11:06:40,46,241.93
1008,3,2024-10-18 11:06:45,51,302.58
922,3,2024-10-18 11:06:50,55,276.83
92,1,2024-10-18 11:06:55,60,27.74
23,1,2024-10-18 11:06:59,65,7.06
35,1,2024-10-18 11:07:04,69,10.55
1009,3,2024-10-18 11:07:08,74,302.83
1009,3,2024-10-18 11:07:12,78,302.81
1009,3,2024-10-18 11:07:17,83,302.81
906,3,2024-10-18 11:10:27,1,271.81
902,3,2024-10-18 11:10:32,5,270.71
860,3,2024-10-18 11:10:36,10,258.0
894,3,2024-10-18 11:10:41,15,268.43
913,3,2024-10-18 11:10:46,19,273.9
815,3,2024-10-18 11:11:11,2,244.65
971,3,2024-10-18 11:11:13,5,291.47
903,3,2024-10-18 11:11:22,2,271.08
1004,3,2024-10-18 11:11:26,5,301.2
943,3,2024-10-18 11:11:28,8,282.95
958,3,2024-10-18 11:11:31,11,287.67
977,3,2024-10-18 11:11:35,14,293.27
485,3,2024-10-18 11:11:37,17,145.74
640,3,2024-10-18 11:11:40,20,192.11
896,3,2024-10-18 11:11:55,2,269.04
871,3,2024-10-18 11:12:42,14,261.3
581,3,2024-10-18 11:12:51,29,174.48
645,3,2024-10-18 11:12:56,33,193.65
674,3,2024-10-18 11:12:58,38,202.28
714,3,2024-10-18 11:13:06,41,214.23
699,3,2024-10-18 11:13:23,2,209.97
757,3,2024-10-18 11:13:26,5,227.19
704,3,2024-10-18 11:13:29,8,211.32
142,1,2024-10-19 13:33:01,94,42.62
116,1,2024-10-19 13:33:18,0,34.94
38,1,2024-10-19 13:33:21,5,11.65
184,2,2024-10-19 13:33:26,9,55.25
213,2,2024-10-19 13:33:30,13,64.1
91,1,2024-10-19 13:33:37,20,27.4
166,2,2024-10-19 13:33:42,24,50.09
43,1,2024-10-19 13:33:55,38,12.91
40,1,2024-10-19 13:33:59,42,12.27
70,1,2024-10-19 13:34:03,46,21.21
186,2,2024-10-19 13:34:07,50,55.86
43,1,2024-10-19 13:34:29,72,12.97
42,1,2024-10-19 13:34:33,76,12.83
43,1,2024-10-19 13:34:37,80,13.11
64,1,2024-10-19 13:34:41,84,19.21
42,1,2024-10-19 13:34:45,88,12.68
41,1,2024-10-19 13:34:49,92,12.5
120,1,2024-10-19 13:35:12,114,36.14
146,1,2024-10-19 13:35:16,119,43.87
153,2,2024-10-19 13:35:19,123,46.09
115,1,2024-10-19 13:35:39,9,34.7
42,1,2024-10-19 13:35:43,14,12.87
228,2,2024-10-19 13:38:57,0,68.5
0,1,2024-10-19 13:43:43,10,0.0
0,1,2024-10-19 13:43:57,24,0.0
0,1,2024-10-19 13:44:12,38,0.0
0,1,2024-10-19 13:44:51,10,0.0
0,1,2024-10-19 13:45:05,27,0.0
0,1,2024-10-19 13:45:19,41,0.0
0,1,2024-10-19 13:45:33,55,0.0
131,1,2024-10-19 13:45:59,0,39.33
189,2,2024-10-19 13:46:04,4,56.86
179,2,2024-10-19 13:46:08,8,53.78
0,1,2024-11-05 18:34:23,5,0.09
2,1,2024-11-05 18:34:31,13,0.82
174,2,2024-11-05 18:34:37,20,52.33
707,3,2024-11-05 18:34:42,24,212.28
4,1,2024-11-05 18:34:46,28,1.4
5,1,2024-11-05 18:34:50,32,1.63
1008,3,2024-11-05 18:34:55,37,302.42
1007,3,2024-11-05 18:35:00,42,302.4
4,1,2024-11-05 18:35:29,0,1.38
48,1,2024-11-05 18:35:32,7,14.51
40,1,2024-11-05 18:35:36,11,12.24
221,2,2024-11-05 18:36:53,0,66.48
39,1,2024-11-05 18:36:57,7,11.8
40,1,2024-11-05 18:37:01,12,12.16
38,1,2024-11-05 18:37:06,16,11.66
44,1,2024-11-05 18:37:10,20,13.28
47,1,2024-11-05 18:37:14,24,14.18
40,1,2024-11-05 18:37:18,28,12.06
26,1,2024-11-05 18:37:38,1,1.13
38,1,2024-11-05 18:37:42,5,0.0
38,1,2024-11-05 18:37:46,9,0.0
1007,3,2024-11-05 18:43:21,2,0.0
806,3,2024-11-05 18:43:26,9,60.53
1007,3,2024-11-05 18:43:30,14,0.0
35,1,2024-11-05 18:44:11,1,0.64
32,1,2024-11-05 18:44:15,5,0.85
30,1,2024-11-05 18:44:19,9,0.74
30,1,2024-11-05 18:44:23,13,0.0
30,1,2024-11-05 18:44:28,17,0.06
30,1,2024-11-05 18:44:32,21,0.0
30,1,2024-11-05 18:44:36,25,0.04
30,1,2024-11-05 18:44:40,30,0.0
30,1,2024-11-05 18:44:44,34,0.0
31,1,2024-11-05 18:44:49,38,0.0
30,1,2024-11-05 18:44:53,42,0.18
31,1,2024-11-05 18:44:57,47,0.0
31,1,2024-11-05 18:45:02,51,0.04
1007,3,2024-11-05 18:45:07,56,0.0
1007,3,2024-11-05 18:45:12,61,0.06
1007,3,2024-11-05 18:45:16,66,0.0
1007,3,2024-11-05 18:45:21,71,0.0
36,1,2024-11-05 18:45:25,75,291.25
110,1,2024-11-05 18:56:17,1,29.03
33,1,2024-11-05 18:56:20,4,22.82
34,1,2024-11-05 18:56:44,1,0.0
35,1,2024-11-05 18:56:48,5,0.0
35,1,2024-11-05 18:56:53,9,0.0
35,1,2024-11-05 18:56:57,14,0.0
36,1,2024-11-05 18:57:01,18,0.0
1007,3,2024-11-05 18:59:32,3,0.0
1007,3,2024-11-05 18:59:36,10,0.01
1007,3,2024-11-05 18:59:41,15,0.03
1007,3,2024-11-05 18:59:46,20,0.0
1007,3,2024-11-05 18:59:51,25,0.01
1007,3,2024-11-05 18:59:56,30,0.0
1007,3,2024-11-05 19:00:00,34,0.0
1007,3,2024-11-05 19:00:05,39,0.0
1008,3,2024-11-05 19:00:10,44,0.0
1007,3,2024-11-05 19:00:36,1,302.39
35,1,2024-11-05 19:00:41,6,10.65
33,1,2024-11-05 19:00:45,10,10.08
37,1,2024-11-05 19:00:49,14,11.28
37,1,2024-11-05 19:00:53,19,11.22
37,1,2024-11-05 19:00:58,23,11.11
36,1,2024-11-05 19:01:02,27,10.91
36,1,2024-11-05 19:01:06,31,10.83
33,1,2024-11-05 19:02:29,0,10.14
33,1,2024-11-05 19:02:33,4,9.96
34,1,2024-11-05 19:02:37,8,10.26
38,1,2024-11-05 19:02:41,12,11.56
37,1,2024-11-05 19:02:45,16,11.22
31,1,2024-11-05 19:02:49,20,9.58
32,1,2024-11-05 19:03:49,0,9.77
39,1,2024-11-05 19:03:53,4,11.7
37,1,2024-11-05 19:03:57,8,11.36
30,1,2024-11-05 19:15:47,0,9.25
45,1,2024-11-05 19:15:51,7,13.65
39,1,2024-11-05 19:15:55,11,11.93
39,1,2024-11-05 19:15:59,15,11.85
39,1,2024-11-05 19:16:03,19,11.82
26,1,2024-11-05 19:27:14,1,8.06
31,1,2024-11-05 19:27:18,5,9.54
33,1,2024-11-05 19:27:22,9,9.92
28,1,2024-11-05 19:27:28,14,8.67
84,1,2024-11-05 19:27:32,18,25.34
82,1,2024-11-05 19:27:37,23,24.68
90,1,2024-11-05 19:27:41,27,27.26
55,1,2024-11-05 19:27:46,32,16.67
19,1,2024-11-05 19:27:50,36,5.79
17,1,2024-11-05 19:27:54,41,5.32
21,1,2024-11-05 19:27:58,45,6.35
180,2,2024-11-05 19:28:03,49,54.0
22,1,2024-11-05 19:38:12,0,6.73
23,1,2024-11-05 19:38:16,4,7.03
58,1,2024-11-06 21:53:46,1,17.56
44,1,2024-11-06 21:53:50,6,13.41
54,1,2024-11-06 21:53:54,10,16.31
48,1,2024-11-06 21:54:03,0,14.52
50,1,2024-11-06 21:54:07,7,15.22
50,1,2024-11-06 21:54:11,11,15.15
59,1,2024-11-06 21:54:15,15,17.77
57,1,2024-11-06 21:54:19,19,17.19
49,1,2024-11-06 21:54:23,23,14.73
55,1,2024-11-06 21:54:28,27,16.51
50,1,2024-11-06 21:54:32,31,15.27
56,1,2024-11-06 21:54:36,35,16.94
54,1,2024-11-06 21:54:40,39,16.45
61,1,2024-11-06 21:54:45,45,18.5
118,1,2024-11-06 21:54:49,49,35.54
92,1,2024-11-06 21:54:53,53,27.69
81,1,2024-11-06 21:54:57,57,24.3
48,1,2024-11-06 21:55:01,61,14.6
26,1,2024-11-06 21:55:05,65,8.02
17,1,2024-11-06 21:55:09,69,5.18
41,1,2024-11-06 21:55:13,72,12.54
50,1,2024-11-08 10:00:00,80,15.75
60,2,2024-11-09 11:15:00,85,14.6
70,3,2024-11-10 14:30:00,90,16.8
65,2,2024-11-11 09:45:00,95,13.2
65,1,2024-11-20 08:00:00,95,18.4
75,2,2024-11-20 10:00:00,105,20.5
50,1,2024-11-20 12:00:00,80,14.8
20,1,2024-11-20 18:38:47,3,0.0
0,1,2024-11-20 18:41:24,3,0.0
30,1,2024-11-20 18:43:18,20,0.0
50,1,2024-11-20 18:44:28,10,0.0
80,1,2024-11-20 18:44:56,20,0.0
30,1,2024-11-20 18:46:23,40,20.0
10,1,2024-11-20 18:46:51,10,14.0
200,3,2024-11-20 18:55:24,35,0.0
450,3,2024-11-20 18:55:43,40,0.0
500,3,2024-11-20 18:56:06,38,0.0
800,3,2024-11-20 18:58:47,50,0.0
900,3,2024-11-20 18:59:14,20,0.0
160,2,2024-11-20 19:01:34,90,50.0
140,0,2024-11-20 19:01:46,0,0.0
140,2,2024-11-20 19:02:20,49,30.0
80,1,2024-11-20 19:02:47,36,28.0
1000,3,2024-11-20 19:04:18,19,0.0
10,1,2024-11-20 19:04:46,30,50.0
200,2,2024-11-20 19:42:44,40,0.0
50,1,2024-11-20 19:44:12,240,300.2
60,1,2024-11-20 19:45:49,60,200.23
40,1,2024-11-20 19:47:05,200,203.59
30,1,2024-11-20 19:53:33,20,20.0
30,1,2024-11-20 19:53:59,30,30.0
0,1,2024-11-20 20:00:08,23,0.0
0,1,2024-11-20 20:00:30,123,0.0
23,1,2024-11-20 20:02:41,300,200.0
40,1,2024-11-20 20:02:53,400,400.0
40,1,2024-11-20 20:06:33,30,30.0
40,1,2024-11-20 20:06:45,40,40.0
50,0,2024-11-20 20:06:55,50,50.0
15,1,2024-11-20 20:11:45,0,0.0
20,1,2024-11-20 20:12:55,30,30.0
15,1,2024-11-20 20:14:21,20,20.0
10,1,2024-11-20 20:15:27,10,10.2
2,1,2024-11-20 20:16:46,2,2.15
3,1,2024-11-20 20:17:01,3,3.25
1008,3,2024-11-22 19:24:09,1,302.44
207,2,2024-11-22 19:24:18,0,62.37
24,1,2024-11-22 19:24:22,5,7.42
20,1,2024-11-22 19:24:27,9,6.05
15,1,2024-11-22 19:24:31,13,4.52
34,1,2024-11-22 19:24:36,18,10.44
37,1,2024-11-22 19:24:40,23,11.14
25,1,2024-11-22 19:24:45,27,7.76
23,1,2024-11-22 19:24:49,31,7.05
21,1,2024-11-22 19:24:53,36,6.41
17,1,2024-11-22 19:24:57,40,5.31
29,1,2024-11-22 19:25:02,44,8.75
16,1,2024-11-22 19:25:06,48,4.94
23,1,2024-11-22 19:25:10,53,7.04
6,1,2024-11-22 19:25:15,57,1.9
31,1,2024-11-22 19:25:19,61,9.52
0,1,2024-11-22 19:25:23,66,0.18
0,1,2024-11-22 19:25:28,70,0.18
0,1,2024-11-22 19:25:32,74,0.18
106,1,2024-11-22 19:25:36,78,31.96
1008,3,2024-11-22 19:25:45,83,302.61
1008,3,2024-11-22 19:25:49,92,302.66
14,1,2024-11-22 19:25:54,96,4.3
20,1,2024-11-22 19:25:58,101,6.09
31,1,2024-11-22 19:26:03,106,9.31
0,1,2024-11-22 19:26:08,110,0.0
13,1,2024-11-22 19:26:44,0,4.14
50,1,2024-11-22 19:26:48,7,15.18
56,1,2024-11-22 19:26:53,11,16.9
11,1,2024-11-22 19:26:57,16,3.44
528,3,2024-11-22 19:27:51,0,158.44
8,1,2024-11-22 19:27:56,5,2.56
8,1,2024-11-22 19:28:00,10,2.5
9,1,2024-11-22 19:28:04,14,2.8
8,1,2024-11-22 19:28:08,18,2.54
16,1,2024-11-22 19:28:13,22,4.82
13,1,2024-11-22 19:28:17,26,4.15
19,1,2024-11-22 19:28:21,31,5.75
18,1,2024-11-22 19:28:26,35,5.7
23,1,2024-11-22 19:28:30,39,7.19
26,1,2024-11-22 19:28:34,44,7.98
26,1,2024-11-22 19:28:39,48,7.8
27,1,2024-11-22 19:28:42,52,8.29
27,1,2024-11-22 19:28:47,56,8.2
30,1,2024-11-22 19:28:51,61,9.09
29,1,2024-11-22 19:28:56,65,9.0
4,1,2024-11-22 19:29:00,69,1.26
113,1,2024-11-22 19:29:04,74,33.98
2,1,2024-11-22 19:29:08,78,0.72
2,1,2024-11-22 19:29:13,82,0.7
7,1,2024-11-22 19:29:17,86,2.25
4,1,2024-11-22 19:29:21,91,1.4
3,1,2024-11-22 19:29:25,95,1.15
3,1,2024-11-22 19:29:30,99,1.05
203,2,2024-11-22 19:29:34,104,60.99
152,2,2024-11-22 19:29:39,108,45.83
153,2,2024-11-22 19:29:43,112,45.94
88,1,2024-11-22 19:29:47,116,26.51
127,1,2024-11-22 19:29:51,121,38.19
125,1,2024-11-22 19:29:56,125,37.74
8,1,2024-11-22 19:29:59,129,2.53
35,1,2024-11-22 19:30:04,133,10.58
37,1,2024-11-22 19:30:09,138,11.12
43,1,2024-11-22 19:34:46,0,13.19
77,1,2024-11-22 19:34:50,6,23.12
68,1,2024-11-22 19:34:54,10,20.59
70,1,2024-11-22 19:34:59,14,21.01
54,1,2024-11-22 19:35:03,18,16.4
66,1,2024-11-22 19:35:07,22,19.97
67,1,2024-11-22 19:35:11,26,20.26
61,1,2024-11-22 19:35:15,30,18.51
63,1,2024-11-22 19:35:19,34,19.05
55,1,2024-11-22 19:35:24,39,16.64
40,1,2024-11-22 19:35:28,43,12.03
57,1,2024-11-22 19:35:32,48,17.14
73,1,2024-11-22 19:35:37,52,22.13
88,1,2024-11-22 19:35:41,56,26.58
48,1,2024-11-22 19:35:45,61,14.61
64,1,2024-11-22 19:35:50,65,19.48
54,1,2024-11-22 19:35:54,69,16.32
56,1,2024-11-22 19:35:58,74,16.85
75,1,2024-11-22 19:36:03,78,22.75
87,1,2024-11-22 19:36:07,83,26.33
94,1,2024-11-22 19:36:12,87,28.34
65,1,2024-11-22 19:36:16,91,19.55
142,1,2024-11-22 19:37:08,0,42.82
81,1,2024-11-22 19:37:12,4,24.36
6,1,2024-11-22 19:57:55,0,2.01
61,1,2024-11-22 19:57:59,4,18.59
68,1,2024-11-22 19:58:03,8,20.6
71,1,2024-11-22 19:58:07,12,21.49
63,1,2024-11-22 19:58:10,16,19.01
75,1,2024-11-22 19:58:15,20,22.64
91,1,2024-11-22 19:58:19,24,27.37
102,1,2024-11-22 19:58:23,28,30.8
77,1,2024-11-22 19:58:26,32,23.28
60,1,2024-11-22 19:58:30,36,18.03
62,1,2024-11-22 20:00:56,0,18.68
12,1,2024-11-22 20:01:00,7,3.61
15,1,2024-11-22 20:01:04,11,4.62
75,1,2024-11-22 20:01:09,15,22.54
81,1,2024-11-22 20:01:13,19,24.59
64,1,2024-11-22 20:01:17,23,19.46
101,1,2024-11-22 20:01:21,27,30.34
86,1,2024-11-22 20:01:25,31,25.85
79,1,2024-11-22 20:01:29,35,23.86
55,1,2024-11-22 20:01:33,39,16.51
48,1,2024-11-22 20:01:37,43,14.51
23,1,2024-11-22 20:01:40,47,6.93
12,1,2024-11-22 20:01:44,51,3.79
31,1,2024-11-22 20:01:49,55,9.37
56,1,2024-11-22 20:01:53,60,16.99
63,1,2024-11-22 20:01:58,64,18.93
60,1,2024-11-22 20:02:02,69,18.26
34,1,2024-11-22 20:02:07,73,10.47
25,1,2024-11-22 20:02:11,78,7.5
26,1,2024-11-22 20:02:16,83,8.07
52,1,2024-11-22 20:02:20,87,15.65
60,1,2024-11-22 20:02:24,91,18.21
45,1,2024-11-22 20:02:28,95,13.59
27,1,2024-11-22 20:02:32,98,8.19
40,1,2024-11-22 20:02:36,102,12.06
14,1,2024-11-22 20:02:40,106,4.38
16,1,2024-11-23 12:35:22,0,4.98
440,3,2024-11-23 12:35:26,4,132.28
57,1,2024-11-23 12:35:30,8,17.1
51,1,2024-11-23 12:35:34,13,15.5
59,1,2024-11-23 12:35:40,1,17.88
64,1,2024-11-23 12:35:44,6,19.41
49,1,2024-11-23 12:35:57,1,14.72
66,1,2024-11-23 12:36:01,5,20.09
52,1,2024-11-23 12:36:05,9,15.64
46,1,2024-11-23 12:36:10,13,13.96
76,1,2024-11-23 12:36:14,17,23.03
73,1,2024-11-23 12:37:07,0,21.95
54,1,2024-11-23 12:37:11,4,16.22
55,1,2024-11-23 12:37:15,9,16.54
59,1,2024-11-23 12:37:20,13,17.83
58,1,2024-11-23 12:37:24,17,17.56
46,1,2024-11-23 12:37:28,21,14.07
15,1,2024-11-23 12:43:40,0,4.75
67,1,2024-11-23 12:43:44,4,20.31
55,1,2024-11-23 12:43:48,8,16.51
15,1,2024-11-23 12:43:52,12,4.51
56,1,2024-11-23 12:44:07,0,17.02
70,1,2024-11-23 12:44:11,7,21.13
51,1,2024-11-23 12:44:15,11,15.31
60,1,2024-11-23 12:44:19,15,18.2
51,1,2024-11-23 12:45:10,0,15.49
45,1,2024-11-23 12:45:14,4,13.65
48,1,2024-11-23 12:45:18,8,14.65
66,1,2024-11-23 12:45:22,12,19.86
67,1,2024-11-23 12:45:26,16,20.14
63,1,2024-11-23 12:45:31,20,19.05
46,1,2024-11-23 12:45:34,25,13.9
55,1,2024-11-23 12:45:38,29,16.61
1008,3,2024-11-23 12:45:43,33,302.62
44,1,2024-11-23 12:45:48,38,13.42
51,1,2024-11-23 12:45:52,42,15.44
55,1,2024-11-23 12:45:56,46,16.73
60,1,2024-11-23 12:46:00,50,18.15
49,1,2024-11-23 12:46:04,54,14.9
55,1,2024-11-23 12:46:08,58,16.74
48,1,2024-11-23 12:46:12,62,14.63
60,1,2024-11-23 12:46:17,66,18.25
64,1,2024-11-23 12:46:21,71,19.25
48,1,2024-11-23 12:46:24,75,14.47
45,1,2024-11-23 12:46:30,79,13.51
45,1,2024-11-23 12:46:34,84,13.64
61,1,2024-11-23 12:46:38,88,18.38
48,1,2024-11-23 12:46:42,92,14.61
50,1,2024-11-23 12:46:46,96,15.03
54,1,2024-11-23 12:46:50,101,16.46
53,1,2024-11-23 12:46:54,104,16.16
42,1,2024-11-23 12:46:58,108,12.76
1008,3,2024-11-23 12:47:03,113,302.61
54,1,2024-11-23 12:47:07,117,16.26
52,1,2024-11-23 12:47:11,121,15.86
46,1,2024-11-23 12:47:15,125,14.1
6,1,2024-11-23 12:47:19,129,2.06
7,1,2024-11-23 12:47:24,133,2.13
51,1,2024-11-23 12:47:28,138,15.31
3,1,2024-11-26 12:37:20,0,1.2
3,1,2024-11-26 12:37:24,4,1.18
3,1,2024-11-26 12:37:28,8,1.2
19,1,2024-11-26 12:37:36,1,5.94
23,1,2024-11-26 12:37:40,5,7.19
34,1,2024-11-26 12:37:45,10,10.36
30,1,2024-11-26 12:37:49,14,9.16
9,1,2024-11-26 12:37:53,17,2.72
36,1,2024-11-26 12:45:23,0,10.92
31,1,2024-11-26 12:45:53,0,9.32
29,1,2024-11-26 12:45:57,4,8.94
29,1,2024-11-26 12:46:01,8,8.88
30,1,2024-11-26 12:46:05,11,9.01
30,1,2024-11-26 12:46:09,15,9.28
30,1,2024-11-26 12:46:12,19,9.05
30,1,2024-11-26 12:46:16,23,9.1
30,1,2024-11-26 12:46:20,27,9.28
208,2,2024-11-26 12:46:24,31,62.48
187,2,2024-11-26 12:46:29,36,56.19
208,2,2024-11-26 12:46:33,40,62.45
183,2,2024-11-26 12:46:38,44,55.12
22,1,2024-11-26 12:46:42,49,6.81
205,2,2024-11-26 12:46:46,53,61.74
160,2,2024-11-26 12:46:50,57,48.28
89,1,2024-11-26 12:46:55,62,26.77
26,1,2024-11-26 12:46:59,66,7.91
74,1,2024-11-26 12:47:03,69,22.27
24,1,2024-11-26 12:47:06,73,7.38
23,1,2024-11-26 12:47:10,77,6.99
24,1,2024-11-26 12:47:14,81,7.44
25,1,2024-11-26 12:47:18,85,7.77
26,1,2024-11-26 12:47:22,89,7.87
12,1,2024-11-26 15:35:30,17,3.82
12,1,2024-11-26 15:35:34,22,3.8
7,1,2024-11-26 15:36:25,17,2.11
5,1,2024-11-26 15:36:30,22,1.73
6,1,2024-11-26 15:36:35,27,2.05
13,1,2024-11-26 15:36:41,32,4.11
9,1,2024-11-26 15:36:46,37,2.84
181,2,2024-11-26 15:37:29,17,54.53
5,1,2024-11-26 15:37:33,24,1.7
25,1,2024-11-26 15:37:38,28,7.52
3,1,2024-11-26 15:38:15,17,1.15
9,1,2024-11-26 15:38:19,24,2.86
40,1,2024-11-26 15:38:43,17,12.04
14,1,2024-11-26 15:38:47,24,4.31
9,1,2024-11-26 15:38:51,28,2.72
2,1,2024-11-26 15:38:56,32,0.78
2,1,2024-11-26 15:39:01,37,0.69
0,1,2024-11-26 15:39:06,42,0.02
0,1,2024-11-26 15:39:11,46,0.03
229,2,2024-11-26 15:49:54,17,68.89
15,1,2024-11-26 15:49:59,22,4.79
20,1,2024-11-26 15:50:05,28,6.26
20,1,2024-11-26 15:50:10,34,6.16
27,1,2024-11-26 15:50:15,39,8.19
21,1,2024-11-26 15:50:20,43,6.55
22,1,2024-11-26 15:50:23,48,6.71
18,1,2024-11-26 15:50:29,51,5.44
18,1,2024-11-26 15:50:34,57,5.62
18,1,2024-11-26 15:50:39,62,5.53
16,1,2024-11-26 15:50:44,67,4.98
18,1,2024-11-26 15:50:50,72,5.63
51,1,2024-11-26 15:50:54,78,15.56
141,1,2024-11-26 15:50:58,82,42.57
12,1,2024-11-26 15:51:03,87,3.68
12,1,2024-11-26 15:51:08,91,3.71
12,1,2024-11-26 15:51:12,96,3.76
19,1,2024-11-26 15:51:18,100,5.75
53,1,2024-11-26 15:51:25,106,16.14
19,1,2024-11-26 15:51:31,113,5.85
15,1,2024-11-26 15:51:38,119,4.64
13,1,2024-11-26 15:52:54,17,4.05
29,1,2024-11-26 15:52:58,24,8.77
37,1,2024-11-26 15:54:34,17,11.19
63,1,2024-11-26 15:54:38,22,19.11
36,1,2024-11-26 15:54:42,26,11.06
67,1,2024-11-26 15:54:47,30,20.18
38,1,2024-11-26 15:54:53,35,11.42
94,1,2024-11-26 15:54:58,40,28.37
17,1,2024-11-26 16:03:39,17,5.36
18,1,2024-11-26 16:03:43,24,5.44
16,1,2024-11-26 16:03:50,28,4.97
9,1,2024-11-26 16:03:55,35,2.99
41,1,2024-11-26 16:04:00,40,12.41
47,1,2024-11-26 16:04:07,45,14.1
21,1,2024-11-26 16:04:13,52,6.47
69,1,2024-11-26 16:04:17,58,20.78
68,1,2024-11-26 16:04:22,62,20.5
24,1,2024-11-26 16:04:29,67,7.45
282,3,2024-11-26 16:04:34,74,84.87
4,1,2024-11-26 16:04:39,79,1.29
5,1,2024-11-26 16:04:44,83,1.69
62,1,2024-11-26 16:04:50,88,18.78
4,1,2024-11-26 16:04:57,95,1.35
6,1,2024-11-26 16:05:01,101,2.04
2,1,2024-11-26 16:05:05,106,0.84
3,1,2024-11-26 16:05:09,110,0.94
5,1,2024-11-26 16:05:14,114,1.61
42,1,2024-11-26 16:06:18,17,12.78
18,1,2024-11-26 16:06:22,21,5.57
22,1,2024-11-26 16:06:27,25,6.81
31,1,2024-11-26 16:06:33,30,9.41
60,1,2024-11-26 16:06:38,37,18.06
44,1,2024-11-26 16:06:44,42,13.32
48,1,2024-11-26 16:07:09,17,14.61
37,1,2024-11-26 16:07:13,22,11.19
34,1,2024-11-26 16:07:17,26,10.22
10,1,2024-11-26 16:07:21,30,3.18
11,1,2024-11-26 16:14:24,17,3.48
43,1,2024-11-26 16:14:32,21,13.17
42,1,2024-11-26 16:14:39,29,12.8
14,1,2024-11-26 16:17:54,17,4.21
14,1,2024-11-26 16:17:58,24,4.31
14,1,2024-11-26 16:18:03,28,4.33
13,1,2024-11-26 16:18:08,33,4.17
15,1,2024-11-26 16:18:13,38,4.59
9,1,2024-11-26 16:18:19,43,2.86
10,1,2024-11-26 16:18:22,48,3.23
11,1,2024-11-26 16:18:29,52,3.47
11,1,2024-11-26 16:18:33,58,3.52
11,1,2024-11-26 16:18:38,63,3.6
12,1,2024-11-26 16:18:44,68,3.72
12,1,2024-11-26 16:18:49,73,3.72
12,1,2024-11-26 16:18:54,78,3.72
12,1,2024-11-26 16:18:59,83,3.72
12,1,2024-11-26 16:19:04,89,3.72
13,1,2024-11-26 16:19:09,93,4.13
34,1,2024-11-26 16:19:15,98,10.48
47,1,2024-11-26 16:19:22,105,14.39
8,1,2024-11-26 16:19:28,112,2.42
35,1,2024-11-26 16:19:57,17,10.75
43,1,2024-11-26 16:20:01,24,12.98
32,1,2024-11-26 16:20:06,28,9.63
28,1,2024-11-26 16:20:11,33,8.4
39,1,2024-11-26 16:20:16,38,11.72
35,1,2024-11-26 16:20:20,44,10.63
23,1,2024-11-26 16:20:24,47,7.07
44,1,2024-11-26 16:20:42,9,13.3
70,1,2024-11-26 16:20:50,15,21.01
68,1,2024-11-26 16:20:55,21,20.41
72,1,2024-11-26 16:21:00,26,21.84
72,1,2024-11-26 16:21:07,32,21.71
46,1,2024-11-26 16:21:12,38,13.99
45,1,2024-11-26 16:21:17,43,13.56
17,1,2024-11-26 16:21:22,49,5.12
3,1,2024-11-26 16:21:27,54,0.97
3,1,2024-11-26 16:21:31,59,0.97
3,1,2024-11-26 16:21:36,63,0.97
3,1,2024-11-26 16:21:40,68,0.94
3,1,2024-11-26 16:21:44,72,0.94
3,1,2024-11-26 16:21:48,76,0.94
3,1,2024-11-26 16:21:53,80,0.94
3,1,2024-11-26 16:21:59,85,0.94
3,1,2024-11-26 16:22:04,90,0.94
3,1,2024-11-26 16:22:09,95,0.94
3,1,2024-11-26 16:22:13,101,0.94
3,1,2024-11-26 16:22:18,105,0.94
3,1,2024-11-26 16:22:22,110,0.94
3,1,2024-11-26 16:22:29,114,0.94
37,1,2024-11-26 16:22:33,120,11.4
2,1,2024-11-26 16:22:39,125,0.87
60,1,2024-11-26 16:22:45,131,18.06
60,1,2024-11-26 16:22:52,136,18.14
202,2,2024-11-27 11:16:01,11,60.85
194,2,2024-11-27 11:16:05,18,58.43
96,1,2024-11-27 11:16:10,23,29.0
10,1,2024-11-27 11:16:15,28,3.26
8,1,2024-11-27 11:16:19,32,2.47
8,1,2024-11-27 11:16:23,36,2.53
33,1,2024-11-27 11:16:27,40,9.94
48,1,2024-11-27 11:16:31,44,14.59
58,1,2024-11-27 11:16:35,48,17.48
59,1,2024-11-27 11:16:39,52,17.72
60,1,2024-11-27 11:16:43,56,18.06
29,1,2024-11-27 11:16:47,60,8.8
868,3,2024-11-27 11:16:52,64,260.57
642,3,2024-11-27 11:16:56,69,192.64
7,1,2024-11-27 11:17:00,73,2.38
7,1,2024-11-27 11:17:04,77,2.39
7,1,2024-11-27 11:17:08,81,2.2
530,3,2024-11-27 11:17:13,85,159.1
688,3,2024-11-27 11:17:17,90,206.48
294,3,2024-11-27 11:17:21,94,88.38
915,3,2024-11-27 11:22:44,1,274.63
209,2,2024-11-27 11:22:48,5,62.89
214,2,2024-11-27 11:22:52,9,64.46
281,3,2024-11-27 11:22:56,13,84.35
211,2,2024-11-27 11:23:00,17,63.32
199,2,2024-11-27 11:23:04,21,59.94
245,2,2024-11-27 11:23:09,0,73.58
0,1,2024-11-27 11:26:56,112,0.0
0,1,2024-11-27 11:27:10,129,0.0
0,1,2024-11-27 11:27:23,143,0.0
1007,3,2024-11-27 11:28:31,1,302.14
11,1,2024-11-27 11:28:35,4,3.35
13,1,2024-11-27 11:28:39,8,4.17
18,1,2024-11-27 11:28:43,12,5.65
19,1,2024-11-27 11:28:47,16,5.91
15,1,2024-11-27 11:28:51,20,4.54
8,1,2024-11-27 11:28:55,24,2.58
535,3,2024-11-27 11:28:59,29,160.78
619,3,2024-11-27 11:29:04,33,185.73
459,3,2024-11-27 11:29:08,37,137.79
386,3,2024-11-27 11:29:13,42,115.89
374,3,2024-11-27 11:29:17,46,112.38
244,2,2024-11-27 11:29:21,51,73.33
859,3,2024-11-27 11:29:26,55,257.82
230,2,2024-11-27 11:29:31,60,69.22
543,3,2024-11-27 11:29:36,65,163.17
378,3,2024-11-27 11:29:40,69,113.65
392,3,2024-11-27 11:29:45,74,117.78
251,3,2024-11-27 11:29:49,79,75.32
340,3,2024-11-27 11:29:54,83,102.07
309,3,2024-11-27 11:30:00,87,92.77
678,3,2024-11-27 11:30:05,94,203.56
456,3,2024-11-27 11:30:10,99,136.88
378,3,2024-11-27 11:30:15,104,113.52
293,3,2024-11-27 11:30:20,109,88.18
288,3,2024-11-27 11:30:25,113,86.63
412,3,2024-11-27 11:30:29,119,123.65
503,3,2024-11-27 11:30:34,123,150.91
298,3,2024-11-27 11:30:39,128,89.46
361,3,2024-11-27 11:30:44,133,108.49
457,3,2024-11-27 11:30:48,137,137.33
522,3,2024-11-27 11:30:52,141,156.83
7,1,2024-11-27 11:31:28,178,2.16
8,1,2024-11-27 11:31:32,182,2.55
8,1,2024-11-27 11:31:36,186,2.54
19,1,2024-11-27 11:31:40,190,5.8
21,1,2024-11-27 11:31:44,194,6.58
4,1,2024-11-27 11:31:48,198,1.23
54,1,2024-11-27 11:31:52,202,16.27
42,1,2024-11-27 11:31:56,206,12.86
44,1,2024-11-27 11:32:00,210,13.28
50,1,2024-11-27 11:32:04,213,15.14
27,1,2024-11-27 11:32:08,217,8.26
828,3,2024-11-27 11:32:12,222,248.59
1007,3,2024-11-27 11:32:17,226,302.19
1007,3,2024-11-27 11:32:22,231,302.19
1007,3,2024-11-27 11:32:26,236,302.17
1007,3,2024-11-27 11:32:31,240,302.17
1007,3,2024-11-27 11:32:35,245,302.15
1007,3,2024-11-27 11:32:40,249,302.17
1007,3,2024-11-27 11:32:44,254,302.16
1007,3,2024-11-27 11:32:49,259,302.16
1007,3,2024-11-27 11:32:53,263,302.17
1007,3,2024-11-27 11:32:58,267,302.15
1003,3,2024-11-27 11:33:03,272,301.1
1007,3,2024-11-27 11:33:07,277,302.19
931,3,2024-11-27 11:33:12,281,279.5
1007,3,2024-11-27 11:33:16,286,302.18
1007,3,2024-11-27 11:33:20,290,302.2
980,3,2024-11-27 11:33:25,294,294.11
1007,3,2024-11-27 11:33:29,299,302.17
19,1,2024-11-27 11:33:34,304,5.92
30,1,2024-11-27 11:33:38,308,9.22
35,1,2024-11-27 11:33:42,312,10.64
33,1,2024-11-27 11:33:46,316,10.0
30,1,2024-11-27 11:33:50,320,9.04
28,1,2024-11-27 11:33:54,324,8.49
30,1,2024-11-27 11:33:59,328,9.09
922,3,2024-11-27 13:37:42,1,276.76
1006,3,2024-11-27 13:37:46,5,302.06
1006,3,2024-11-27 13:37:50,1,302.07
926,3,2024-11-27 13:41:35,1,277.95
276,3,2024-11-27 13:41:42,5,83.01
9,1,2024-11-27 13:41:46,12,2.91
12,1,2024-11-27 13:41:50,16,3.87
20,1,2024-11-27 13:41:54,20,6.09
837,3,2024-11-27 13:41:58,24,251.39
955,3,2024-11-27 13:42:03,28,286.51
914,3,2024-11-27 13:42:08,33,274.34
1007,3,2024-11-27 13:42:19,1,302.15
1006,3,2024-11-27 13:42:23,5,302.02
1006,3,2024-11-27 13:42:28,10,302.01
6,1,2024-11-27 13:54:19,0,1.99
6,1,2024-11-27 13:54:25,4,1.99
6,1,2024-11-27 13:54:28,10,1.99
6,1,2024-11-27 13:54:32,14,1.99
6,1,2024-11-27 13:54:36,18,1.99
6,1,2024-11-27 13:54:40,22,1.99
6,1,2024-11-27 13:54:44,26,1.99
6,1,2024-11-27 13:54:48,30,1.99
6,1,2024-11-27 13:54:52,34,1.99
6,1,2024-11-27 13:54:56,38,1.99
6,1,2024-11-27 13:55:00,42,1.99
6,1,2024-11-27 13:55:04,46,1.99
6,1,2024-11-27 13:55:09,49,1.99
6,1,2024-11-27 13:55:13,54,1.99
6,1,2024-11-27 13:55:17,58,1.99
6,1,2024-11-27 13:55:21,62,1.99
6,1,2024-11-27 13:55:25,66,1.99
6,1,2024-11-27 13:55:28,70,1.99
6,1,2024-11-27 13:55:32,74,1.99
6,1,2024-11-27 13:55:36,78,1.99
6,1,2024-11-27 13:55:40,82,1.99
6,1,2024-11-27 13:55:44,86,1.99
6,1,2024-11-27 13:55:48,90,1.99
6,1,2024-11-27 13:55:52,94,1.99
6,1,2024-11-27 13:55:56,98,1.99
6,1,2024-11-27 13:56:00,101,1.99
6,1,2024-11-27 13:56:04,105,1.99
6,1,2024-11-27 13:56:08,109,1.99
6,1,2024-11-27 13:56:12,113,1.99
6,1,2024-11-27 13:56:16,117,1.99
6,1,2024-11-27 13:56:20,121,1.99
6,1,2024-11-27 13:56:24,125,1.99
6,1,2024-11-27 13:56:28,129,1.99
6,1,2024-11-27 13:56:32,133,1.99
6,1,2024-11-27 13:56:36,137,1.99
6,1,2024-11-27 13:56:42,141,1.99
6,1,2024-11-27 13:56:46,148,1.99
6,1,2024-11-27 13:56:50,151,1.99
6,1,2024-11-27 13:56:54,155,1.99
6,1,2024-11-27 13:56:58,159,1.99
6,1,2024-11-27 13:57:01,163,1.99
6,1,2024-11-27 13:57:05,167,1.99
6,1,2024-11-27 13:57:09,171,1.99
6,1,2024-11-27 13:57:13,175,1.99
6,1,2024-11-27 13:57:17,179,1.99
6,1,2024-11-27 13:57:21,183,1.99
6,1,2024-11-27 13:57:25,187,1.99
6,1,2024-11-27 13:57:29,191,1.99
6,1,2024-11-27 13:57:33,195,1.99
6,1,2024-11-27 13:57:37,198,1.99
6,1,2024-11-27 13:57:41,202,1.99
6,1,2024-11-27 13:57:45,206,1.99
6,1,2024-11-27 13:57:49,210,1.99
6,1,2024-11-27 13:57:53,214,1.99
6,1,2024-11-27 13:57:57,218,1.99
6,1,2024-11-27 13:58:01,222,1.99
6,1,2024-11-27 13:58:05,226,2.0
6,1,2024-11-27 13:58:09,230,1.99
6,1,2024-11-27 13:58:13,234,1.99
6,1,2024-11-27 13:58:17,238,1.99
6,1,2024-11-27 13:58:21,242,1.99
6,1,2024-11-27 13:58:28,246,1.99
6,1,2024-11-27 13:58:32,253,1.99
7,1,2024-11-27 13:58:36,257,2.13
6,1,2024-11-27 13:58:40,261,1.87
6,1,2024-11-27 13:58:44,265,1.86
6,1,2024-11-27 13:58:48,269,1.87
6,1,2024-11-27 13:58:52,273,1.87
6,1,2024-11-27 13:58:55,277,1.95
6,1,2024-11-27 13:58:59,281,1.86
6,1,2024-11-27 13:59:03,284,1.86
6,1,2024-11-27 13:59:07,288,1.86
6,1,2024-11-27 13:59:11,292,1.86
6,1,2024-11-27 13:59:15,296,1.86
6,1,2024-11-27 13:59:19,300,2.08
6,1,2024-11-27 13:59:23,304,1.96
6,1,2024-11-27 13:59:27,308,1.86
6,1,2024-11-27 13:59:31,312,1.87
6,1,2024-11-27 13:59:35,316,1.96
6,1,2024-11-27 13:59:38,320,1.86
6,1,2024-11-27 13:59:42,324,1.86
6,1,2024-11-27 13:59:46,328,1.86
6,1,2024-11-27 13:59:50,332,1.86
6,1,2024-11-27 13:59:54,336,1.87
6,1,2024-11-27 13:59:58,340,1.86
6,1,2024-11-27 14:00:02,343,1.86
6,1,2024-11-27 14:00:06,348,1.86
6,1,2024-11-27 14:00:10,352,1.86
6,1,2024-11-27 14:00:14,356,1.86
6,1,2024-11-27 14:00:18,360,1.86
6,1,2024-11-27 14:00:22,364,1.86
5,1,2024-11-27 14:00:31,0,1.71
388,3,2024-11-27 14:00:40,0,116.61
22,1,2024-11-27 15:16:06,0,6.66
44,1,2024-11-27 15:16:10,4,13.24
92,1,2024-11-27 15:16:14,8,27.63
99,1,2024-11-27 15:16:18,12,29.88
132,1,2024-11-27 15:16:24,16,39.88
106,1,2024-11-27 15:16:28,22,32.03
85,1,2024-11-27 15:16:33,0,25.58
5,1,2024-11-27 15:16:37,4,1.52
19,1,2024-11-27 15:17:47,0,5.96
33,1,2024-11-27 15:17:50,4,9.94
31,1,2024-11-27 15:17:54,8,9.48
401,3,2024-11-27 15:18:05,18,120.52
2,1,2024-11-27 15:18:18,31,0.62
31,1,2024-11-27 15:18:22,36,9.39
26,1,2024-11-27 15:18:29,40,7.98
21,1,2024-11-27 15:18:33,47,6.56
43,1,2024-11-27 15:18:37,51,13.19
60,1,2024-11-27 15:18:41,55,18.1
68,1,2024-11-27 15:18:45,59,20.66
67,1,2024-11-27 15:18:49,62,20.16
45,1,2024-11-27 15:18:53,66,13.58
34,1,2024-11-27 15:18:57,70,10.46
35,1,2024-11-27 15:19:02,74,10.77
36,1,2024-11-27 15:19:06,79,10.92
36,1,2024-11-27 15:19:10,83,10.95
36,1,2024-11-27 15:19:13,87,10.97
17,1,2024-11-27 15:19:17,91,5.35
54,1,2024-11-27 15:19:21,95,16.44
74,1,2024-11-27 15:19:25,99,22.22
74,1,2024-11-27 15:19:29,102,22.45
87,1,2024-11-27 15:19:33,106,26.19
648,3,2024-11-27 15:19:41,113,194.63
872,3,2024-11-27 15:31:12,191,261.82
898,3,2024-11-27 15:31:16,203,269.55
924,3,2024-11-27 15:31:20,207,277.46
11,1,2024-11-27 15:31:24,211,3.39
10,1,2024-11-27 15:31:28,215,3.27
4,1,2024-11-27 15:31:31,218,1.4
5,1,2024-11-27 15:31:36,222,1.75
897,3,2024-11-27 15:31:41,228,269.35
896,3,2024-11-27 15:31:45,232,269.05
848,3,2024-11-27 15:31:49,236,254.68
900,3,2024-11-27 15:31:54,241,270.02
7,1,2024-11-27 15:32:01,244,2.22
6,1,2024-11-27 15:32:05,251,2.01
875,3,2024-11-27 15:34:53,61,262.51
894,3,2024-11-27 15:34:58,68,268.28
17,1,2024-11-27 15:35:03,0,5.27
428,3,2024-11-27 15:43:06,0,128.54
1006,3,2024-11-27 15:43:10,5,301.96
59,1,2024-11-27 15:43:14,9,17.97
57,1,2024-11-27 15:43:18,12,17.15
7,1,2024-11-27 15:43:21,16,2.21
7,1,2024-11-27 15:43:26,0,2.14
18,1,2024-11-27 15:44:58,0,5.41
7,1,2024-11-27 15:49:24,0,2.2
7,1,2024-11-27 15:49:30,4,2.11
8,1,2024-11-27 15:49:34,11,2.5
7,1,2024-11-27 15:49:38,14,2.11
7,1,2024-11-27 15:49:45,18,2.28
6,1,2024-11-27 15:49:49,25,2.02
6,1,2024-11-27 15:49:52,29,2.09
274,3,2024-11-27 15:51:49,0,82.3
284,3,2024-11-27 15:51:53,4,85.49
278,3,2024-11-27 15:51:57,8,83.69
279,3,2024-11-27 15:52:01,12,83.7
278,3,2024-11-27 15:52:04,16,83.58
277,3,2024-11-27 15:52:08,20,83.24
272,3,2024-11-27 15:52:12,24,81.84
274,3,2024-11-27 15:52:16,28,82.44
283,3,2024-11-27 15:52:20,32,85.11
329,3,2024-11-27 15:52:24,36,98.73
324,3,2024-11-27 15:52:28,40,97.46
294,3,2024-11-27 15:52:32,44,88.42
278,3,2024-11-27 15:54:05,0,83.56
188,2,2024-11-27 15:54:09,4,56.53
125,1,2024-11-27 15:54:20,0,37.55
143,1,2024-11-27 16:00:18,0,42.99
7,1,2024-11-27 16:02:48,151,2.29
7,1,2024-11-27 16:02:52,155,2.26
7,1,2024-11-27 16:02:56,159,2.26
7,1,2024-11-27 16:03:00,162,2.26
20,1,2024-11-27 16:03:04,166,6.09
19,1,2024-11-27 16:03:08,170,5.74
37,1,2024-11-27 16:03:12,174,11.33
45,1,2024-11-27 16:03:16,178,13.76
37,1,2024-11-27 16:03:20,182,11.33
7,1,2024-11-27 16:03:50,0,2.34
20,1,2024-11-27 16:03:58,4,6.25
41,1,2024-11-27 16:04:21,0,12.38
48,1,2024-11-27 16:04:26,4,14.65
54,1,2024-11-27 16:04:30,8,16.33
50,1,2024-11-27 16:04:33,12,15.17
29,1,2024-11-27 16:04:38,16,8.92
24,1,2024-11-27 16:04:42,21,7.46
16,1,2024-11-27 16:04:46,25,5.01
15,1,2024-11-27 16:04:50,29,4.7
7,1,2024-11-27 16:04:54,32,2.31
32,1,2024-11-27 16:04:58,37,9.74
51,1,2024-11-27 16:05:02,41,15.58
37,1,2024-11-27 16:05:07,45,11.16
25,1,2024-11-27 16:05:11,50,7.8
22,1,2024-11-27 16:05:16,54,6.84
10,1,2024-11-27 16:05:20,59,3.13
553,3,2024-11-27 16:05:24,63,165.98
635,3,2024-11-27 16:05:29,67,190.77
11,1,2024-11-27 16:05:33,71,3.3
10,1,2024-11-27 16:05:37,75,3.09
380,3,2024-11-27 16:05:41,79,114.01
730,3,2024-11-27 16:05:45,84,219.01
392,3,2024-11-27 16:05:50,88,117.61
949,3,2024-11-27 16:05:57,93,284.98
904,3,2024-11-27 16:06:01,100,271.4
903,3,2024-11-27 16:06:06,104,271.0
904,3,2024-11-27 16:06:10,109,271.49
8,1,2024-11-27 16:06:14,113,2.69
8,1,2024-11-27 16:06:18,117,2.69
8,1,2024-11-27 16:06:22,121,2.67
8,1,2024-11-27 16:06:26,125,2.67
8,1,2024-11-27 16:06:30,129,2.66
13,1,2024-11-27 16:06:34,133,4.18
10,1,2024-11-27 16:06:38,137,3.11
21,1,2024-11-27 16:27:37,0,6.45
199,2,2024-11-27 16:27:41,4,59.91
22,1,2024-11-27 16:27:46,10,6.65
0,1,2024-11-27 16:28:00,24,0.0
6,1,2024-11-27 16:28:12,36,2.02
30,1,2024-11-27 16:28:16,40,9.26
29,1,2024-11-27 16:28:20,44,8.91
0,1,2024-11-27 16:28:34,57,0.0
4,1,2024-11-27 16:28:38,61,1.37
23,1,2024-11-27 16:28:43,66,7.01
14,1,2024-11-27 16:28:48,71,4.31
15,1,2024-11-27 16:28:51,75,4.58
19,1,2024-11-27 16:28:55,79,5.72
35,1,2024-11-27 16:28:59,83,10.64
35,1,2024-11-27 16:29:03,87,10.66
43,1,2024-11-27 16:29:07,91,13.08
41,1,2024-11-27 16:29:11,94,12.4
41,1,2024-11-27 16:29:15,98,12.53
42,1,2024-11-27 16:29:19,103,12.79
42,1,2024-11-27 16:29:23,107,12.71
13,1,2024-11-27 16:29:27,111,4.19
6,1,2024-11-27 16:29:31,115,1.96
5,1,2024-11-27 16:29:35,119,1.54
42,1,2024-11-27 16:29:41,123,12.86
41,1,2024-11-27 16:29:45,129,12.45
16,1,2024-11-27 16:29:49,133,5.07
14,1,2024-11-27 16:29:53,137,4.32
9,1,2024-11-27 16:29:57,141,2.8
10,1,2024-11-27 16:30:01,145,3.1
27,1,2024-11-27 16:30:13,0,8.37
38,1,2024-11-27 16:30:17,6,11.59
43,1,2024-11-27 16:30:21,10,12.92
33,1,2024-11-27 16:30:25,14,9.99
7,1,2024-11-27 16:30:29,18,2.25
18,1,2024-11-27 16:30:33,21,5.48
22,1,2024-11-27 16:30:36,25,6.89
30,1,2024-11-27 16:30:40,29,9.09
39,1,2024-11-27 16:30:45,33,11.76
15,1,2024-11-27 16:30:49,37,4.78
11,1,2024-11-27 16:30:53,41,3.5
17,1,2024-11-27 16:30:57,45,5.19
17,1,2024-11-27 16:31:02,49,5.35
22,1,2024-11-27 16:31:06,55,6.74
23,1,2024-11-27 16:31:10,58,7.13
32,1,2024-11-27 16:31:13,62,9.66
739,3,2024-11-27 16:31:18,67,221.76
848,3,2024-11-27 16:31:22,71,254.66
18,1,2024-11-27 16:31:26,75,5.61
18,1,2024-11-27 16:31:30,79,5.62
31,1,2024-11-27 16:31:34,83,9.31
35,1,2024-11-27 16:31:38,87,10.61
35,1,2024-11-27 16:31:42,91,10.73
41,1,2024-11-27 16:31:46,95,12.36
41,1,2024-11-27 16:31:50,99,12.31
20,1,2024-11-27 16:31:54,103,6.03
12,1,2024-11-27 16:31:58,107,3.7
11,1,2024-11-27 16:32:02,111,3.59
12,1,2024-11-27 16:32:05,114,3.61
34,1,2024-11-27 16:32:09,118,10.31
39,1,2024-11-27 16:32:16,122,11.75
39,1,2024-11-27 16:32:20,129,11.73
35,1,2024-11-27 16:32:24,133,10.52
135,1,2024-11-27 16:32:29,138,40.71
147,1,2024-11-27 16:32:33,142,44.36
149,1,2024-11-27 16:32:37,146,44.79
13,1,2024-11-27 16:37:39,0,3.98
210,2,2024-11-27 16:37:43,4,63.07
28,1,2024-11-27 16:37:47,8,8.62
35,1,2024-11-27 16:37:51,12,10.52
24,1,2024-11-27 16:37:58,16,7.35
24,1,2024-11-27 16:38:02,23,7.44
14,1,2024-11-27 16:38:06,27,4.39
33,1,2024-11-27 16:38:10,31,10.11
35,1,2024-11-27 16:38:14,35,10.63
37,1,2024-11-27 16:38:18,39,11.32
39,1,2024-11-27 16:38:22,43,11.82
45,1,2024-11-27 16:38:26,47,13.56
26,1,2024-11-27 16:50:42,0,7.95
13,1,2024-11-27 16:50:46,4,3.97
18,1,2024-11-27 16:50:49,8,5.62
9,1,2024-11-27 16:50:53,12,2.86
22,1,2024-11-27 16:51:09,24,6.74
11,1,2024-11-27 16:51:12,31,3.47
28,1,2024-11-27 16:51:37,35,8.41
17,1,2024-11-27 16:51:42,52,5.12
29,1,2024-11-27 16:51:44,61,8.9
21,1,2024-11-27 16:51:48,67,6.33
29,1,2024-11-27 16:51:52,70,8.83
9,1,2024-11-27 16:52:11,0,2.9
15,1,2024-11-27 16:52:15,4,4.74
16,1,2024-11-27 16:52:19,8,5.03
26,1,2024-11-27 16:52:23,12,7.89
30,1,2024-11-27 16:52:27,16,9.24
12,1,2024-11-27 16:52:31,19,3.72
11,1,2024-11-27 16:52:35,23,3.4
7,1,2024-11-27 16:52:38,27,2.25
22,1,2024-11-27 16:52:42,31,6.72
27,1,2024-11-27 16:52:46,35,8.23
12,1,2024-11-27 16:52:50,39,3.61
11,1,2024-11-27 16:52:54,43,3.52
711,3,2024-11-27 16:52:58,47,213.46
265,3,2024-11-27 16:54:08,0,79.58
17,1,2024-11-27 16:54:11,4,5.25
17,1,2024-11-27 16:54:15,8,5.14
27,1,2024-11-27 16:54:19,12,8.18
26,1,2024-11-27 16:54:23,16,7.99
13,1,2024-11-27 16:54:27,20,4.15
13,1,2024-11-27 16:54:31,24,4.13
13,1,2024-11-27 16:54:35,28,4.16
25,1,2024-11-27 16:54:39,32,7.53
24,1,2024-11-27 16:54:43,35,7.45
15,1,2024-11-27 16:54:47,39,4.69
16,1,2024-11-27 16:54:50,43,5.1
12,1,2024-11-27 16:54:54,47,3.71
23,1,2024-11-27 16:54:58,51,7.09
28,1,2024-11-27 16:55:02,55,8.62
16,1,2024-11-27 16:55:06,58,5.07
905,3,2024-11-27 16:55:10,63,271.66
405,3,2024-11-27 17:24:29,1,121.56
0,1,2024-11-27 17:24:43,17,0.0
0,1,2024-11-27 17:24:57,30,0.0
136,1,2024-11-27 17:25:08,42,40.94
21,1,2024-11-27 17:25:12,46,6.44
22,1,2024-11-27 17:25:17,50,6.64
5,1,2024-11-27 17:25:21,55,1.62
28,1,2024-11-27 17:25:24,59,8.47
23,1,2024-11-27 17:25:28,62,7.07
6,1,2024-11-27 17:25:32,66,2.09
731,3,2024-11-27 17:25:37,71,219.45
19,1,2024-11-27 17:25:40,74,5.79
17,1,2024-11-27 17:25:44,78,5.21
26,1,2024-11-27 17:25:48,82,7.85
25,1,2024-11-27 17:25:52,86,7.61
12,1,2024-11-27 17:26:01,90,3.89
5,1,2024-11-27 17:26:04,98,1.77
8,1,2024-11-27 17:26:09,102,2.59
630,3,2024-11-27 17:26:13,107,189.1
27,1,2024-11-27 17:26:18,111,8.23
9,1,2024-11-27 17:26:22,116,2.85
28,1,2024-11-27 17:26:26,120,8.47
33,1,2024-11-27 17:26:30,124,9.99
8,1,2024-11-27 17:26:34,128,2.59
7,1,2024-11-27 17:26:38,132,2.21
21,1,2024-11-27 17:26:42,136,6.34
27,1,2024-11-27 17:26:46,140,8.37
19,1,2024-11-27 17:26:50,144,5.95
8,1,2024-11-27 17:26:55,148,2.64
27,1,2024-11-27 17:27:09,0,8.33
25,1,2024-11-27 17:27:13,4,7.56
6,1,2024-11-27 17:27:18,8,2.02
6,1,2024-11-27 17:27:22,12,1.94
31,1,2024-11-27 17:27:25,16,9.54
31,1,2024-11-27 17:27:29,20,9.48
31,1,2024-11-27 17:27:33,24,9.42
20,1,2024-11-27 17:27:37,28,6.05
10,1,2024-11-27 17:27:41,32,3.12
15,1,2024-11-27 17:27:45,35,4.77
16,1,2024-11-27 17:27:50,39,4.86
10,1,2024-11-27 17:27:54,45,3.17
9,1,2024-11-27 17:27:58,48,2.9
9,1,2024-11-27 17:28:02,52,2.9
7,1,2024-11-27 17:28:06,56,2.38
8,1,2024-11-27 17:28:11,61,2.41
7,1,2024-11-27 17:28:15,65,2.14
7,1,2024-11-27 17:28:19,70,2.13
6,1,2024-11-27 17:28:25,74,2.01
6,1,2024-11-27 17:28:30,80,1.99
6,1,2024-11-27 17:28:34,85,1.99
6,1,2024-11-27 17:28:38,89,1.99
6,1,2024-11-27 17:28:42,92,1.99
6,1,2024-11-27 17:28:47,96,1.99
187,2,2024-11-27 17:28:51,101,56.14
338,3,2024-11-27 17:28:55,105,101.59
15,1,2024-11-27 17:28:58,109,4.5
13,1,2024-11-27 17:29:03,113,3.99
22,1,2024-11-27 17:29:07,118,6.69
11,1,2024-11-27 17:29:12,122,3.56
388,3,2024-11-27 17:29:17,127,116.47
907,3,2024-11-27 17:29:21,132,272.26
902,3,2024-11-27 17:29:25,136,270.69
6,1,2024-11-27 17:29:33,140,2.07
8,1,2024-11-27 17:29:38,148,2.69
0,1,2024-11-28 15:08:14,10,0.0
0,1,2024-11-28 15:08:26,22,0.04
0,1,2024-11-28 15:08:39,36,0.0
3,1,2024-11-28 15:08:49,43,1.05
0,1,2024-11-28 15:08:53,49,0.19
24,1,2024-11-28 15:08:57,54,7.46
21,1,2024-11-28 15:09:01,57,6.43
0,1,2024-11-28 15:09:05,61,0.19
38,1,2024-11-28 15:09:30,0,11.49
16,1,2024-11-28 15:09:34,8,5.07
0,1,2024-11-28 15:09:38,12,0.19
7,1,2024-11-28 15:09:45,18,2.14
22,1,2024-11-28 15:09:49,24,6.7
20,1,2024-11-28 15:09:53,27,6.17
14,1,2024-11-28 15:09:57,31,4.26
14,1,2024-11-28 15:10:01,35,4.45
0,1,2024-11-28 15:10:05,39,0.19
37,1,2024-11-28 15:10:09,43,11.13
13,1,2024-11-28 15:10:12,47,4.15
4,1,2024-11-28 15:10:17,51,1.4
7,1,2024-11-28 15:10:20,55,2.4
0,1,2024-11-28 15:10:24,59,0.19
0,1,2024-11-28 15:10:28,63,0.19
0,1,2024-11-28 15:10:42,76,0.0
13,1,2024-11-28 15:10:48,82,3.96
2,1,2024-11-28 15:10:52,86,0.86
0,1,2024-11-28 15:10:55,90,0.19
0,1,2024-11-28 15:10:59,94,0.19
0,1,2024-11-28 15:11:03,98,0.19
0,1,2024-11-28 16:26:57,10,0.0
0,1,2024-11-28 16:27:11,24,0.0
0,1,2024-11-28 16:27:25,38,0.01
0,1,2024-11-28 16:27:38,51,0.0
0,1,2024-11-28 16:27:52,65,0.0
0,1,2024-11-28 16:28:06,79,0.01
0,1,2024-11-28 16:28:20,93,0.0
0,1,2024-11-28 16:28:34,107,0.0
0,1,2024-11-28 16:28:48,121,0.0
0,1,2024-11-28 16:29:01,134,0.0
0,1,2024-11-28 16:29:15,148,0.0
0,1,2024-11-28 16:29:34,10,0.0
0,1,2024-11-28 16:29:47,25,0.0
29,1,2024-11-28 16:30:00,38,8.81
2,1,2024-11-28 16:33:49,2,0.7
182,2,2024-11-28 16:36:40,4,54.8
7,1,2024-11-28 16:36:44,10,2.38
21,1,2024-11-28 16:36:48,14,6.5
5,1,2024-11-28 16:36:52,18,1.63
9,1,2024-11-28 16:36:56,22,2.74
11,1,2024-11-28 16:37:03,27,3.33
34,1,2024-11-28 16:37:07,32,10.4
38,1,2024-11-28 16:37:11,36,11.44
37,1,2024-11-28 16:37:14,40,11.13
18,1,2024-11-28 16:37:18,44,5.52
8,1,2024-11-28 16:37:22,48,2.41
36,1,2024-11-28 16:37:26,52,10.95
35,1,2024-11-28 16:37:30,56,10.77
22,1,2024-11-28 16:37:34,60,6.9
6,1,2024-11-28 16:37:38,63,2.06
14,1,2024-11-28 16:37:42,67,4.43
217,2,2024-11-28 16:37:45,71,65.18
276,3,2024-11-28 16:37:49,75,82.89
1007,3,2024-11-28 16:37:54,80,302.15
862,3,2024-11-28 16:37:58,84,258.61
1,1,2024-11-28 16:38:11,97,0.41
0,1,2024-11-28 16:38:25,111,0.0
10,1,2024-11-28 16:38:32,118,3.25
120,1,2024-11-28 16:38:36,121,36.25
28,1,2024-11-28 16:38:39,125,8.63
8,1,2024-11-28 16:38:43,129,2.57
22,1,2024-11-28 16:38:47,133,6.86
207,2,2024-11-28 16:38:51,137,62.21
0,1,2024-11-28 16:48:35,10,0.0
0,1,2024-11-28 16:48:49,24,0.0
0,1,2024-11-28 16:49:03,38,0.0
0,1,2024-11-28 16:49:18,52,0.0
0,1,2024-11-28 16:49:31,66,0.0
0,1,2024-11-28 16:49:48,80,0.0
0,1,2024-11-28 16:50:03,96,0.0
0,1,2024-11-28 16:50:24,10,0.0
0,1,2024-11-28 16:50:37,24,0.0
0,1,2024-11-28 16:50:51,38,0.0
0,1,2024-11-28 16:51:05,52,0.0
0,1,2024-11-28 16:51:19,65,0.0
0,1,2024-11-28 16:51:33,79,0.0
0,1,2024-11-28 16:52:03,10,0.0
0,1,2024-11-28 16:52:17,24,0.0
0,1,2024-11-28 16:52:31,38,0.0
508,3,2024-11-28 16:52:46,2,152.6
17,1,2024-11-28 16:52:49,6,5.34
11,1,2024-11-28 16:52:59,10,3.37
28,1,2024-11-28 16:53:02,19,8.42
11,1,2024-11-28 16:53:06,23,3.38
12,1,2024-11-28 16:53:13,27,3.85
23,1,2024-11-28 16:53:22,35,7.05
15,1,2024-11-28 16:53:26,42,4.74
6,1,2024-11-28 16:53:32,46,2.0
7,1,2024-11-28 16:53:36,53,2.28
22,1,2024-11-28 16:53:46,63,6.74
722,3,2024-11-28 16:53:50,67,216.76
59,1,2024-11-28 16:53:54,71,17.77
56,1,2024-11-28 16:53:58,75,17.09
27,1,2024-11-28 16:54:02,79,8.37
15,1,2024-11-28 16:54:06,83,4.69
15,1,2024-11-28 16:54:10,87,4.79
0,1,2024-11-29 18:28:28,10,0.0
0,1,2024-11-29 18:28:48,10,0.0
0,1,2024-11-29 18:29:02,27,0.0
0,1,2024-11-29 18:29:16,41,0.0
0,1,2024-11-29 18:29:30,55,0.0
0,1,2024-11-29 18:29:44,69,0.0
0,1,2024-11-29 18:29:58,84,0.0
0,1,2024-11-29 18:30:12,98,0.0
0,1,2024-11-29 18:30:26,112,0.0
0,1,2024-11-29 18:31:01,10,0.0
0,1,2024-11-29 18:31:23,10,0.0
0,1,2024-11-29 18:31:37,24,0.0
0,1,2024-11-29 18:32:31,10,0.0
0,1,2024-11-29 18:32:45,24,0.0
0,1,2024-11-29 18:32:59,38,0.0
0,1,2024-11-29 18:33:13,52,0.0
0,1,2024-11-29 18:33:27,66,0.0
0,1,2024-11-29 18:33:41,80,0.0
0,1,2024-11-29 18:33:55,94,0.0
0,1,2024-11-29 18:34:09,109,0.0
0,1,2024-11-29 18:34:23,123,0.0
0,1,2024-11-29 18:34:37,137,0.0
0,1,2024-11-29 18:34:51,150,0.0
0,1,2024-11-29 18:35:05,164,0.0
0,1,2024-11-29 18:35:19,179,0.0
0,1,2024-11-29 18:35:34,193,0.0
0,1,2024-11-29 18:35:48,207,0.0
0,1,2024-11-29 18:36:02,221,0.0
0,1,2024-11-29 18:37:46,10,0.0
0,1,2024-11-29 18:38:01,24,0.0
0,1,2024-11-29 18:38:15,39,0.0
0,1,2024-11-29 18:41:07,10,0.0
0,1,2024-11-29 18:41:22,27,0.0
0,1,2024-11-29 18:41:36,41,0.0
0,1,2024-11-29 18:43:18,10,0.0
0,1,2024-11-29 18:43:32,24,0.0
0,1,2024-11-29 18:43:46,38,0.0
0,1,2024-11-29 18:44:00,52,0.0
0,1,2024-11-29 18:46:42,10,0.0
0,1,2024-11-29 18:46:56,27,0.0
0,1,2024-11-29 18:47:15,10,0.0
0,1,2024-11-29 18:47:30,24,0.0
0,1,2024-11-29 18:47:44,38,0.0
0,1,2024-11-29 18:47:58,52,0.0
0,1,2024-11-29 18:49:57,10,0.0
0,1,2024-11-29 19:00:37,10,0.0
0,1,2024-11-29 19:00:51,27,0.0
0,1,2024-11-29 19:01:05,41,0.0
0,1,2024-11-29 19:01:20,55,0.0
0,1,2024-11-29 19:01:33,69,0.0
0,1,2024-11-29 19:01:47,83,0.0
0,1,2024-11-29 19:02:01,97,0.0
0,1,2024-11-29 19:02:15,111,0.0
0,1,2024-11-29 19:02:29,125,0.0
0,1,2024-11-29 19:02:43,139,0.0
0,1,2024-11-29 19:02:58,153,0.0
0,1,2024-11-29 19:03:11,167,0.0
0,1,2024-11-29 19:03:26,181,0.0
0,1,2024-11-29 19:03:39,195,0.0
0,1,2024-11-29 19:03:54,209,0.0
0,1,2024-11-29 19:08:30,10,0.0
0,1,2024-11-29 19:08:45,24,0.0
0,1,2024-11-29 19:08:59,38,0.0
0,1,2024-11-29 19:09:12,52,0.0
0,1,2024-11-29 19:09:27,66,0.0
0,1,2024-11-29 19:09:40,80,0.0
0,1,2024-11-29 19:09:55,94,0.0
0,1,2024-11-29 19:10:13,10,0.0
0,1,2024-11-29 19:10:27,27,0.0
0,1,2024-11-29 19:10:41,41,0.0
0,1,2024-11-29 19:10:55,56,0.0
0,1,2024-11-29 19:11:09,69,0.0
0,1,2024-11-29 19:11:23,84,0.0
0,1,2024-11-29 19:11:37,98,0.0
0,1,2024-11-29 19:11:56,10,0.0
0,1,2024-11-29 19:15:46,10,0.0
0,1,2024-11-29 19:16:00,24,0.0
0,1,2024-11-29 19:16:14,38,0.0
0,1,2024-11-29 19:16:28,52,0.0
0,1,2024-11-29 19:16:42,66,0.0
17,1,2024-11-29 19:16:51,75,5.28
0,1,2024-11-29 19:17:05,89,0.0
0,1,2024-11-29 19:19:34,10,0.0
0,1,2024-11-29 19:19:48,24,0.0
0,1,2024-11-29 19:20:02,38,0.0
0,1,2024-11-29 19:20:16,52,0.0
0,1,2024-11-29 19:20:30,66,0.0
0,1,2024-11-29 19:21:24,10,0.0
0,1,2024-11-29 19:21:38,27,0.0
0,1,2024-11-29 19:21:52,41,0.0
0,1,2024-11-29 19:22:06,55,0.0
0,1,2024-11-29 19:22:36,10,0.0
0,1,2024-11-29 19:22:49,24,0.0
0,1,2024-11-29 19:23:03,38,0.0
0,1,2024-11-29 19:23:17,52,0.0
0,1,2024-11-29 19:23:32,66,0.0
0,1,2024-11-29 19:23:46,80,0.0
0,1,2024-11-29 19:24:00,94,0.0
0,1,2024-11-29 19:24:14,108,0.0
0,1,2024-11-29 19:24:28,122,0.0
0,1,2024-11-29 19:24:42,137,0.0
0,1,2024-11-29 19:24:56,151,0.0
0,1,2024-11-29 19:25:13,167,0.0
0,1,2024-11-29 19:25:27,181,0.0
0,1,2024-11-29 19:25:41,195,0.0
0,1,2024-11-29 19:25:55,210,0.0
0,1,2024-11-29 19:26:09,224,0.0
0,1,2024-11-29 19:26:23,238,0.0
0,1,2024-11-29 19:29:25,10,0.0
0,1,2024-11-29 19:29:39,27,0.0
0,1,2024-11-29 19:30:16,10,0.0
0,1,2024-11-29 19:37:44,10,0.0
0,1,2024-11-29 19:37:58,24,0.0
0,1,2024-11-29 19:38:08,34,0.07
0,1,2024-11-29 19:42:30,10,0.0
0,1,2024-11-29 19:42:44,24,0.0
0,1,2024-11-29 19:42:58,38,0.0
0,1,2024-11-29 19:43:12,52,0.0
0,1,2024-11-29 19:44:00,10,0.0
0,1,2024-11-29 19:44:14,27,0.0
0,1,2024-11-29 19:44:28,41,0.0
0,1,2024-11-29 19:44:42,55,0.0
0,1,2024-11-29 19:44:57,69,0.0
0,1,2024-11-29 19:45:11,83,0.0
0,1,2024-11-29 20:04:33,10,0.0
0,1,2024-11-29 20:04:47,24,0.0
0,1,2024-11-29 20:05:02,38,0.0
0,1,2024-11-29 20:05:16,52,0.0
0,1,2024-11-29 20:05:30,67,0.0
0,1,2024-11-29 20:05:44,80,0.0
0,1,2024-11-29 20:05:58,94,0.0
0,1,2024-11-29 20:16:18,5,0.08
0,1,2024-11-29 20:16:28,16,0.02
0,1,2024-11-29 20:16:37,25,0.05
907,3,2024-11-29 20:16:43,31,272.17
1007,3,2024-11-29 20:16:48,36,302.36
49,1,2024-11-29 20:16:53,40,14.86
48,1,2024-11-29 20:16:57,45,14.52
0,1,2024-11-29 20:17:12,59,0.0
0,1,2024-11-29 20:17:26,74,0.0
0,1,2024-11-29 20:17:40,88,0.0
0,1,2024-11-29 20:17:55,102,0.0
0,1,2024-11-29 20:18:09,116,0.0
0,1,2024-11-29 20:18:22,130,0.0
0,1,2024-11-29 20:18:35,141,0.0
7,1,2024-11-29 20:18:45,153,2.17
337,3,2024-11-29 20:18:52,160,101.12
624,3,2024-11-29 20:18:57,165,187.42
0,1,2024-11-29 20:19:07,174,0.22
3,1,2024-11-29 20:19:16,184,1.11
725,3,2024-11-29 20:19:22,190,217.73
1,1,2024-11-29 20:19:34,202,0.37
0,1,2024-11-29 20:19:48,216,0.0
0,1,2024-11-29 20:20:02,230,0.0
0,1,2024-11-29 20:20:16,244,0.0
0,1,2024-11-29 20:20:31,258,0.0
0,1,2024-11-29 20:20:45,273,0.0
0,1,2024-11-29 20:20:59,287,0.0
0,1,2024-11-29 20:21:14,301,0.0
0,1,2024-11-29 20:21:28,316,0.0
0,1,2024-11-29 20:21:42,330,0.0
0,1,2024-11-29 20:21:56,344,0.0
0,1,2024-11-29 20:22:08,355,0.0
0,1,2024-11-29 20:22:17,365,0.0
0,1,2024-11-29 20:22:26,374,0.18
4,1,2024-11-29 20:22:35,383,1.25
15,1,2024-11-29 20:22:40,388,4.71
895,3,2024-11-29 20:22:45,392,268.61
912,3,2024-11-29 20:22:50,398,273.82
911,3,2024-11-29 20:22:54,402,273.53
908,3,2024-11-29 20:22:59,407,272.69
928,3,2024-11-29 20:23:04,412,278.52
918,3,2024-11-29 20:23:09,417,275.45
1006,3,2024-11-29 20:23:14,421,302.05
201,2,2024-11-29 20:23:26,434,60.37
0,1,2024-11-29 20:23:40,447,0.0
408,3,2024-11-30 18:05:40,0,122.53
53,1,2024-11-30 18:05:44,4,16.04
50,1,2024-11-30 18:05:48,8,15.29
49,1,2024-11-30 18:05:53,12,14.96
50,1,2024-11-30 18:05:57,17,15.07
36,1,2024-11-30 18:06:01,21,11.05
37,1,2024-11-30 18:06:05,25,11.28
37,1,2024-11-30 18:06:09,29,11.22
72,1,2024-11-30 18:06:13,33,21.64
95,1,2024-11-30 18:06:17,37,28.72
93,1,2024-11-30 18:06:21,41,27.95
37,1,2024-11-30 18:06:26,45,11.18
18,1,2024-11-30 20:29:57,0,5.6
312,3,2024-11-30 20:30:02,0,93.62
11,1,2024-11-30 20:30:06,6,3.51
15,1,2024-11-30 20:30:10,10,4.66
19,1,2024-11-30 20:30:14,14,5.95
136,1,2024-11-30 20:30:18,18,40.88
19,1,2024-11-30 20:30:22,22,5.82
18,1,2024-11-30 20:30:26,26,5.69
11,1,2024-11-30 20:30:30,30,3.45
16,1,2024-11-30 20:30:34,34,5.03
8,1,2024-11-30 20:30:38,38,2.46
16,1,2024-11-30 20:30:42,42,4.95
105,1,2024-11-30 20:30:46,46,31.76
5,1,2024-11-30 20:30:50,50,1.59
3,1,2024-11-30 20:30:54,54,1.18
12,1,2024-11-30 20:30:58,58,3.87
6,1,2024-11-30 20:31:02,62,1.89
5,1,2024-11-30 20:31:06,66,1.58
5,1,2024-11-30 20:31:10,70,1.57
13,1,2024-11-30 20:31:14,74,4.16
18,1,2024-11-30 20:31:18,78,5.57
20,1,2024-11-30 20:31:22,82,6.23
18,1,2024-11-30 20:31:26,86,5.64
18,1,2024-11-30 20:31:30,90,5.61
16,1,2024-11-30 20:31:34,94,4.87
23,1,2024-11-30 20:31:38,98,7.0
20,1,2024-11-30 20:31:42,101,6.09
18,1,2024-11-30 20:31:46,105,5.59
120,1,2024-11-30 20:31:50,109,36.12
17,1,2024-11-30 20:31:54,113,5.37
11,1,2024-11-30 20:31:58,117,3.6
10,1,2024-11-30 20:32:02,121,3.05
22,1,2024-11-30 20:32:06,125,6.69
7,1,2024-11-30 20:32:09,129,2.32
40,1,2024-11-30 20:32:18,0,12.11
28,1,2024-11-30 20:32:21,7,8.45
233,2,2024-11-30 20:32:25,11,69.98
37,1,2024-11-30 20:32:30,15,11.39
706,3,2024-11-30 20:32:34,19,212.02
1006,3,2024-11-30 20:32:39,24,302.04
1007,3,2024-11-30 20:32:43,29,302.16
1007,3,2024-11-30 20:32:48,33,302.17
707,3,2024-11-30 20:32:53,38,212.11
139,1,2024-11-30 20:33:09,0,41.95
7,1,2024-11-30 20:33:12,4,2.14
6,1,2024-11-30 20:33:16,8,2.09
7,1,2024-11-30 20:33:20,12,2.34
14,1,2024-11-30 20:33:24,16,4.22
13,1,2024-11-30 20:33:29,20,3.95
12,1,2024-11-30 20:33:33,25,3.61
21,1,2024-11-30 20:33:37,28,6.53
21,1,2024-11-30 20:33:42,33,6.36
20,1,2024-11-30 20:33:46,37,6.08
16,1,2024-11-30 20:33:50,41,5.1
14,1,2024-11-30 20:33:54,46,4.2
808,3,2024-11-30 20:42:22,0,242.45
124,1,2024-11-30 20:42:27,7,37.21
430,3,2024-11-30 20:42:31,11,129.08
520,3,2024-11-30 20:42:35,0,156.1
10,1,2024-11-30 20:42:39,4,3.13
9,1,2024-11-30 20:42:43,8,2.91
14,1,2024-11-30 20:42:47,12,4.46
32,1,2024-11-30 20:42:51,16,9.72
35,1,2024-11-30 20:42:54,20,10.78
41,1,2024-11-30 20:42:58,24,12.41
441,3,2024-11-30 20:43:02,28,132.31
59,1,2024-11-30 20:43:06,32,17.93
57,1,2024-11-30 20:43:10,36,17.21
60,1,2024-11-30 20:43:14,40,18.01
64,1,2024-11-30 20:43:18,44,19.3
1006,3,2024-11-30 20:43:23,48,302.07
